run_id,phase_idx,timestamp,l0_files,stall_micros_total,stall_micros_delta,compaction_pending_bytes,is_write_stopped,actual_delayed_write_rate,num_running_compactions,batch_payload_bytes,batch_latency_ms,bg_jobs,process_cpu_user_sec,process_cpu_sys_sec
1775137078918,1,1.77514e+09,0,0,0,0,0,0,0,1030890,2.67972,4,0.006875,0.006875
1775137078918,1,1.77514e+09,0,0,0,0,0,0,0,1032000,2.20122,4,0.010069,0.007831
1775137078918,1,1.77514e+09,0,0,0,0,0,0,0,1032000,2.08586,4,0.01233,0.010088
1775137078918,1,1.77514e+09,0,0,0,0,0,0,0,1032000,2.0512,4,0.015891,0.010088
1775137078918,1,1.77514e+09,0,0,0,0,0,0,0,1032000,2.85985,4,0.017201,0.012901
1775137078918,1,1.77514e+09,0,0,0,0,0,0,0,1032000,2.00097,4,0.019939,0.013643
1775137078918,1,1.77514e+09,0,0,0,0,0,0,0,1032000,1.80697,4,0.022029,0.014686
1775137078918,1,1.77514e+09,0,0,0,0,0,0,0,1032000,1.99231,4,0.025519,0.014686
1775137078918,1,1.77514e+09,0,0,0,0,0,0,0,1032000,2.86512,4,0.028373,0.018239
1775137078918,1,1.77514e+09,1,0,0,0,0,0,0,1032000,1.96927,4,0.032869,0.025679
1775137078918,1,1.77514e+09,1,0,0,0,0,0,0,1033000,1.76048,4,0.035651,0.02571
1775137078918,1,1.77514e+09,1,0,0,0,0,0,0,1033000,1.77473,4,0.038456,0.02571
1775137078918,1,1.77514e+09,1,0,0,0,0,0,0,1033000,1.9673,4,0.040703,0.026457
1775137078918,1,1.77514e+09,1,0,0,0,0,0,0,1033000,1.70824,4,0.043418,0.026457
1775137078918,1,1.77514e+09,1,0,0,0,0,0,0,1033000,1.69315,4,0.046003,0.026579
1775137078918,1,1.77514e+09,1,0,0,0,0,0,0,1033000,1.75429,4,0.048484,0.026821
1775137078918,1,1.77514e+09,1,0,0,0,0,0,0,1033000,2.48644,4,0.053948,0.026821
1775137078918,1,1.77514e+09,2,0,0,0,0,0,0,1033000,1.93509,4,0.064275,0.02799
1775137078918,1,1.77514e+09,2,0,0,0,0,0,0,1033000,1.74697,4,0.067022,0.02799
1775137078918,1,1.77514e+09,2,0,0,0,0,0,0,1033000,1.70832,4,0.069643,0.028065
1775137078918,1,1.77514e+09,2,0,0,0,0,0,0,1033000,2.15497,4,0.071765,0.029122
1775137078918,1,1.77514e+09,2,0,0,0,0,0,0,1033000,1.70824,4,0.074316,0.029308
1775137078918,1,1.77514e+09,2,0,0,0,0,0,0,1033000,1.81518,4,0.076901,0.029496
1775137078918,1,1.77514e+09,2,0,0,0,0,0,0,1033000,1.72677,4,0.078694,0.030428
1775137078918,1,1.77514e+09,2,0,0,0,0,0,0,1033000,2.02141,4,0.082817,0.030428
1775137078918,1,1.77514e+09,3,0,0,0,0,0,0,1033000,1.71308,4,0.092711,0.032292
1775137078918,1,1.77514e+09,3,0,0,0,0,0,0,1033000,1.73725,4,0.095468,0.032292
1775137078918,1,1.77514e+09,3,0,0,0,0,0,0,1033000,1.75303,4,0.098263,0.032292
1775137078918,1,1.77514e+09,3,0,0,0,0,0,0,1033000,1.99286,4,0.101268,0.032292
1775137078918,1,1.77514e+09,3,0,0,0,0,0,0,1033000,1.73057,4,0.104011,0.032292
1775137078918,1,1.77514e+09,3,0,0,0,0,0,0,1033000,1.72232,4,0.106741,0.032292
1775137078918,1,1.77514e+09,3,0,0,0,0,0,0,1033000,1.74887,4,0.109444,0.032312
1775137078918,1,1.77514e+09,3,0,0,0,0,0,0,1033000,2.02402,4,0.112707,0.033088
1775137078918,1,1.77514e+09,4,0,0,0,0,0,0,1033000,1.77334,4,0.121637,0.036078
1775137078918,1,1.77514e+09,4,0,0,0,0,0,0,1033000,1.80919,4,0.123487,0.037046
1775137078918,1,1.77514e+09,4,0,0,0,0,0,0,1033000,1.81574,4,0.125336,0.038011
1775137078918,1,1.77514e+09,4,0,0,0,0,0,0,1033000,2.11505,4,0.127431,0.039051
1775137078918,1,1.77514e+09,4,0,0,0,0,0,0,1033000,1.79143,4,0.129281,0.040015
1775137078918,1,1.77514e+09,4,0,0,0,0,0,0,1033000,1.79159,4,0.131142,0.040982
1775137078918,1,1.77514e+09,4,0,0,0,0,0,0,1033000,1.84772,4,0.133049,0.041961
1775137078918,1,1.77514e+09,4,0,0,0,0,0,0,1033000,2.21499,4,0.135635,0.043852
1775137078918,1,1.77514e+09,5,0,0,0,0,0,0,1033000,1.94204,4,0.144335,0.047088
1775137078918,1,1.77514e+09,5,0,0,0,0,0,0,1033000,1.80563,4,0.14619,0.048048
1775137078918,1,1.77514e+09,5,0,0,0,0,0,0,1033000,1.75576,4,0.148001,0.048993
1775137078918,1,1.77514e+09,5,0,0,0,0,0,0,1033000,2.09242,4,0.150087,0.050029
1775137078918,1,1.77514e+09,5,0,0,0,0,0,0,1033000,1.78722,4,0.151926,0.050982
1775137078918,1,1.77514e+09,5,0,0,0,0,0,0,1033000,1.80604,4,0.153777,0.051938
1775137078918,1,1.77514e+09,5,0,0,0,0,0,0,1033000,1.81462,4,0.15662,0.051938
1775137078918,1,1.77514e+09,5,0,0,0,0,0,0,1033000,1.97515,4,0.159176,0.053734
1775137078918,1,1.77514e+09,6,0,0,0,0,0,0,1033000,1.73328,4,0.161654,0.062641
1775137078918,1,1.77514e+09,6,0,0,0,0,0,0,1033000,1.75087,4,0.164394,0.062641
1775137078918,1,1.77514e+09,6,0,0,0,0,0,0,1033000,1.70021,4,0.166968,0.062739
1775137078918,1,1.77514e+09,6,0,0,0,0,0,0,1033000,2.21703,4,0.169382,0.063518
1775137078918,1,1.77514e+09,6,0,0,0,0,0,0,1033000,1.8048,4,0.171979,0.063733
1775137078918,1,1.77514e+09,6,0,0,0,0,0,0,1033000,1.74748,4,0.174822,0.063733
1775137078918,1,1.77514e+09,6,0,0,0,0,0,0,1033000,1.73997,4,0.176377,0.064874
1775137078918,1,1.77514e+09,6,0,0,0,0,0,0,1033000,2.54122,4,0.181386,0.0655
1775137078918,1,1.77514e+09,7,0,0,0,0,0,0,1033000,1.71559,4,0.185411,0.072948
1775137078918,1,1.77514e+09,7,0,0,0,0,0,0,1033000,1.93716,4,0.188449,0.072948
1775137078918,1,1.77514e+09,7,0,0,0,0,0,0,1033000,1.67245,4,0.190946,0.073128
1775137078918,1,1.77514e+09,7,0,0,0,0,0,0,1033000,1.98823,4,0.192631,0.074402
1775137078918,1,1.77514e+09,7,0,0,0,0,0,0,1033000,1.7393,4,0.195157,0.074588
1775137078918,1,1.77514e+09,7,0,0,0,0,0,0,1033000,1.73215,4,0.196951,0.075514
1775137078918,1,1.77514e+09,7,0,0,0,0,0,0,1033000,1.70769,4,0.199662,0.075514
1775137078918,1,1.77514e+09,7,0,0,0,0,0,0,1033000,2.54269,4,0.203735,0.0764
1775137078918,1,1.77514e+09,8,0,0,67039345,0,0,1,1033000,1.67434,4,0.26611,0.113324
1775137078918,1,1.77514e+09,8,0,0,67039345,0,0,1,1033000,1.71542,4,0.283159,0.123376
1775137078918,1,1.77514e+09,8,0,0,67039345,0,0,1,1033000,1.73146,4,0.285949,0.123376
1775137078918,1,1.77514e+09,8,0,0,67039345,0,0,1,1033000,2.00335,4,0.289004,0.123376
1775137078918,1,1.77514e+09,0,0,0,0,0,0,0,1033000,1.73111,4,0.290895,0.128276
1775137078918,1,1.77514e+09,0,0,0,0,0,0,0,1033000,1.75637,4,0.292734,0.129206
1775137078918,1,1.77514e+09,0,0,0,0,0,0,0,1033000,1.81428,4,0.294648,0.13017
1775137078918,1,1.77514e+09,0,0,0,0,0,0,0,1033000,2.55349,4,0.300478,0.13017
1775137078918,1,1.77514e+09,1,0,0,0,0,0,0,1033000,1.68041,4,0.304461,0.137563
1775137078918,1,1.77514e+09,1,0,0,0,0,0,0,1033000,1.73777,4,0.305937,0.138786
1775137078918,1,1.77514e+09,1,0,0,0,0,0,0,1033000,1.75166,4,0.307777,0.139714
1775137078918,1,1.77514e+09,1,0,0,0,0,0,0,1033000,1.94999,4,0.309725,0.140692
1775137078918,1,1.77514e+09,1,0,0,0,0,0,0,1033000,1.73898,4,0.312487,0.140692
1775137078918,1,1.77514e+09,1,0,0,0,0,0,0,1033000,1.71901,4,0.315223,0.140692
1775137078918,1,1.77514e+09,1,0,0,0,0,0,0,1033000,1.75541,4,0.317917,0.140734
1775137078918,1,1.77514e+09,1,0,0,0,0,0,0,1033000,2.57986,4,0.320462,0.143551
1775137078918,1,1.77514e+09,2,0,0,0,0,0,0,1033000,1.71149,4,0.331243,0.144855
1775137078918,1,1.77514e+09,2,0,0,0,0,0,0,1033000,1.72361,4,0.333983,0.144855
1775137078918,1,1.77514e+09,2,0,0,0,0,0,0,1033000,1.72347,4,0.336707,0.144855
1775137078918,1,1.77514e+09,2,0,0,0,0,0,0,1033000,1.94632,4,0.339638,0.144855
1775137078918,1,1.77514e+09,2,0,0,0,0,0,0,1033000,1.69954,4,0.342322,0.144855
1775137078918,1,1.77514e+09,2,0,0,0,0,0,0,1033000,1.73087,4,0.344126,0.145747
1775137078918,1,1.77514e+09,2,0,0,0,0,0,0,1033000,1.75545,4,0.345952,0.146675
1775137078918,1,1.77514e+09,2,0,0,0,0,0,0,1033000,3.58216,4,0.350164,0.150358
1775137078918,1,1.77514e+09,3,0,0,0,0,0,0,1033000,2.04083,4,0.358391,0.153452
1775137078918,1,1.77514e+09,3,0,0,0,0,0,0,1033000,1.73504,4,0.36114,0.153452
1775137078918,1,1.77514e+09,3,0,0,0,0,0,0,1033000,1.71585,4,0.363724,0.153572
1775137078918,1,1.77514e+09,3,0,0,0,0,0,0,1033000,2.04283,4,0.366041,0.154281
1775137078918,1,1.77514e+09,3,0,0,0,0,0,0,1033000,1.69369,4,0.368568,0.154495
1775137078918,1,1.77514e+09,3,0,0,0,0,0,0,1033000,1.73221,4,0.3711,0.154709
1775137078918,1,1.77514e+09,3,0,0,0,0,0,0,1033000,1.76247,4,0.372949,0.155648
1775137078918,1,1.77514e+09,3,0,0,0,0,0,0,1033000,2.5678,4,0.378071,0.156269
1775137078918,1,1.77514e+09,4,0,0,0,0,0,0,1033000,1.71237,4,0.381552,0.164531
1775137078918,1,1.77514e+09,4,0,0,0,0,0,0,1033000,1.69379,4,0.384026,0.164727
1775137078918,1,1.77514e+09,4,0,0,0,0,0,0,1033000,1.69849,4,0.385806,0.165634
1775137078918,1,1.77514e+09,4,0,0,0,0,0,0,1034000,1.98042,4,0.387779,0.166623
1775137078918,1,1.77514e+09,4,0,0,0,0,0,0,1034000,1.73247,4,0.390499,0.166623
1775137078918,1,1.77514e+09,4,0,0,0,0,0,0,1034000,1.76072,4,0.393275,0.166623
1775137078918,1,1.77514e+09,4,0,0,0,0,0,0,1034000,1.74564,4,0.395974,0.166672
1775137078918,1,1.77514e+09,4,0,0,0,0,0,0,1034000,3.55742,4,0.400499,0.16948
1775137078918,1,1.77514e+09,5,0,0,0,0,0,0,1034000,1.97821,4,0.402853,0.178709
1775137078918,1,1.77514e+09,5,0,0,0,0,0,0,1034000,1.74857,4,0.404697,0.179641
1775137078918,1,1.77514e+09,5,0,0,0,0,0,0,1034000,1.71185,4,0.406488,0.180549
1775137078918,1,1.77514e+09,5,0,0,0,0,0,0,1034000,1.94932,4,0.408446,0.181531
1775137078918,1,1.77514e+09,5,0,0,0,0,0,0,1034000,1.74029,4,0.411175,0.181531
1775137078918,1,1.77514e+09,5,0,0,0,0,0,0,1034000,1.77908,4,0.413986,0.181531
1775137078918,1,1.77514e+09,5,0,0,0,0,0,0,1034000,1.70889,4,0.416651,0.181591
1775137078918,1,1.77514e+09,5,0,0,0,0,0,0,1034000,2.64137,4,0.419939,0.183723
1775137078918,1,1.77514e+09,6,0,0,0,0,0,0,1034000,1.74575,4,0.42914,0.186802
1775137078918,1,1.77514e+09,6,0,0,0,0,0,0,1034000,1.75501,4,0.431894,0.186802
1775137078918,1,1.77514e+09,6,0,0,0,0,0,0,1034000,1.96161,4,0.4341,0.187773
1775137078918,1,1.77514e+09,6,0,0,0,0,0,0,1034000,1.96658,4,0.43608,0.188766
1775137078918,1,1.77514e+09,6,0,0,0,0,0,0,1034000,1.75576,4,0.437966,0.189718
1775137078918,1,1.77514e+09,6,0,0,0,0,0,0,1034000,1.72878,4,0.440691,0.189718
1775137078918,1,1.77514e+09,6,0,0,0,0,0,0,1034000,2.11349,4,0.442197,0.19182
1775137078918,1,1.77514e+09,6,0,0,0,0,0,0,1034000,2.69923,4,0.447608,0.191976
1775137078918,1,1.77514e+09,7,0,0,0,0,0,0,1034000,1.9308,4,0.451489,0.199873
1775137078918,1,1.77514e+09,7,0,0,0,0,0,0,1034000,1.76514,4,0.454005,0.200087
1775137078918,1,1.77514e+09,7,0,0,0,0,0,0,1034000,1.73298,4,0.4558,0.200998
1775137078918,1,1.77514e+09,7,0,0,0,0,0,0,1034000,1.98059,4,0.457781,0.201992
1775137078918,1,1.77514e+09,7,0,0,0,0,0,0,1034000,1.76463,4,0.459641,0.202932
1775137078918,1,1.77514e+09,7,0,0,0,0,0,0,1034000,1.77959,4,0.462419,0.202932
1775137078918,1,1.77514e+09,7,0,0,0,0,0,0,1034000,1.71003,4,0.465141,0.202932
1775137078918,1,1.77514e+09,7,0,0,0,0,0,0,1034000,2.00579,4,0.4691,0.203648
1775137078918,1,1.77514e+09,8,0,0,67058823,0,0,1,1034000,1.69552,4,0.534261,0.237224
1775137078918,1,1.77514e+09,8,0,0,67058823,0,0,1,1034000,1.7262,4,0.552122,0.247643
1775137078918,1,1.77514e+09,8,0,0,67058823,0,0,1,1034000,1.76543,4,0.553962,0.248572
1775137078918,1,1.77514e+09,8,0,0,67058823,0,0,1,1034000,1.97666,4,0.556237,0.249697
1775137078918,1,1.77514e+09,8,0,0,67058823,0,0,1,1034000,1.74772,4,0.622563,0.284455
1775137078918,1,1.77514e+09,8,0,0,67058823,0,0,1,1034000,1.76877,4,0.631399,0.290403
1775137078918,1,1.77514e+09,8,0,0,67058823,0,0,1,1034000,2.05947,4,0.633374,0.292404
1775137078918,1,1.77514e+09,8,0,0,67058823,0,0,1,1034000,2.66417,4,0.635117,0.297332
1775137078918,1,1.77514e+09,1,0,0,0,0,0,0,1034000,1.93464,4,0.637531,0.312694
1775137078918,1,1.77514e+09,1,0,0,0,0,0,0,1034000,1.71444,4,0.64002,0.312921
1775137078918,1,1.77514e+09,1,0,0,0,0,0,0,1034000,1.69766,4,0.641824,0.313825
1775137078918,1,1.77514e+09,1,0,0,0,0,0,0,1034000,1.94602,4,0.644756,0.313825
1775137078918,1,1.77514e+09,1,0,0,0,0,0,0,1034000,1.73896,4,0.64662,0.314708
1775137078918,1,1.77514e+09,1,0,0,0,0,0,0,1034000,1.73142,4,0.648474,0.315638
1775137078918,1,1.77514e+09,1,0,0,0,0,0,0,1034000,1.70931,4,0.651185,0.315638
1775137078918,1,1.77514e+09,1,0,0,0,0,0,0,1034000,1.96916,4,0.654952,0.316358
1775137078918,1,1.77514e+09,2,0,0,0,0,0,0,1034000,1.79517,4,0.662545,0.320651
1775137078918,1,1.77514e+09,2,0,0,0,0,0,0,1034000,1.72071,4,0.66528,0.320651
1775137078918,1,1.77514e+09,2,0,0,0,0,0,0,1034000,1.67953,4,0.66783,0.32076
1775137078918,1,1.77514e+09,2,0,0,0,0,0,0,1034000,1.96604,4,0.670779,0.32076
1775137078918,1,1.77514e+09,2,0,0,0,0,0,0,1034000,1.76313,4,0.672653,0.321659
1775137078918,1,1.77514e+09,2,0,0,0,0,0,0,1034000,1.76809,4,0.674521,0.322597
1775137078918,1,1.77514e+09,2,0,0,0,0,0,0,1034000,1.8643,4,0.677889,0.322597
1775137078918,1,1.77514e+09,2,0,0,0,0,0,0,1034000,2.74312,4,0.681749,0.325219
1775137078918,1,1.77514e+09,3,0,0,0,0,0,0,1034000,1.9509,4,0.684945,0.332861
1775137078918,1,1.77514e+09,3,0,0,0,0,0,0,1034000,1.7431,4,0.687719,0.332861
1775137078918,1,1.77514e+09,3,0,0,0,0,0,0,1034000,1.69344,4,0.690251,0.33298
1775137078918,1,1.77514e+09,3,0,0,0,0,0,0,1034000,2.0633,4,0.69228,0.333995
1775137078918,1,1.77514e+09,3,0,0,0,0,0,0,1034000,1.71874,4,0.69376,0.335233
1775137078918,1,1.77514e+09,3,0,0,0,0,0,0,1034000,1.72203,4,0.695584,0.336148
1775137078918,1,1.77514e+09,3,0,0,0,0,0,0,1034000,1.74459,4,0.697408,0.337063
1775137078918,1,1.77514e+09,3,0,0,0,0,0,0,1034000,2.37935,4,0.703123,0.337063
1775137078918,1,1.77514e+09,4,0,0,0,0,0,0,1034000,1.69889,4,0.712513,0.342612
1775137078918,1,1.77514e+09,4,0,0,0,0,0,0,1034000,1.85509,4,0.714407,0.343562
1775137078918,1,1.77514e+09,4,0,0,0,0,0,0,1034000,1.71866,4,0.716241,0.344482
1775137078918,1,1.77514e+09,4,0,0,0,0,0,0,1034000,2.00869,4,0.719269,0.344482
1775137078918,1,1.77514e+09,4,0,0,0,0,0,0,1034000,1.80204,4,0.721127,0.345413
1775137078918,1,1.77514e+09,4,0,0,0,0,0,0,1034000,1.76788,4,0.722968,0.346338
1775137078918,1,1.77514e+09,4,0,0,0,0,0,0,1034000,1.88655,4,0.725186,0.347443
1775137078918,1,1.77514e+09,4,0,0,0,0,0,0,1034000,2.70648,4,0.728934,0.349323
1775137078918,1,1.77514e+09,5,0,0,0,0,0,0,1034000,1.99738,4,0.737937,0.351783
1775137078918,1,1.77514e+09,5,0,0,0,0,0,0,1034000,1.71911,4,0.740451,0.352017
1775137078918,1,1.77514e+09,5,0,0,0,0,0,0,1034000,1.8145,4,0.742318,0.352955
1775137078918,1,1.77514e+09,5,0,0,0,0,0,0,1034000,1.99384,4,0.744323,0.353958
1775137078918,1,1.77514e+09,5,0,0,0,0,0,0,1034000,1.69972,4,0.746107,0.354855
1775137078918,1,1.77514e+09,5,0,0,0,0,0,0,1034000,1.70714,4,0.748815,0.354855
1775137078918,1,1.77514e+09,5,0,0,0,0,0,0,1034000,1.71347,4,0.751519,0.354855
1775137078918,1,1.77514e+09,5,0,0,0,0,0,0,1034000,2.13231,4,0.754614,0.356598
1775137078918,1,1.77514e+09,6,0,0,0,0,0,0,1034000,1.73883,4,0.758616,0.364661
1775137078918,1,1.77514e+09,6,0,0,0,0,0,0,1034000,1.70711,4,0.761327,0.364661
1775137078918,1,1.77514e+09,6,0,0,0,0,0,0,1034000,1.73865,4,0.763962,0.364802
1775137078918,1,1.77514e+09,6,0,0,0,0,0,0,1034000,1.9755,4,0.766315,0.365489
1775137078918,1,1.77514e+09,6,0,0,0,0,0,0,1034000,1.71953,4,0.768803,0.365712
1775137078918,1,1.77514e+09,6,0,0,0,0,0,0,1034000,1.76677,4,0.77028,0.366944
1775137078918,1,1.77514e+09,6,0,0,0,0,0,0,1034000,1.95276,4,0.771905,0.368776
1775137078918,1,1.77514e+09,6,0,0,0,0,0,0,1034000,2.69683,4,0.776392,0.370528
1775137078918,1,1.77514e+09,7,0,0,0,0,0,0,1034000,1.92398,4,0.786682,0.371095
1775137078918,1,1.77514e+09,7,0,0,0,0,0,0,1034000,1.77416,4,0.789492,0.371095
1775137078918,1,1.77514e+09,7,0,0,0,0,0,0,1034000,1.68901,4,0.792051,0.371242
1775137078918,1,1.77514e+09,7,0,0,0,0,0,0,1034000,1.98008,4,0.794387,0.371926
1775137078918,1,1.77514e+09,7,0,0,0,0,0,0,1034000,1.68379,4,0.796867,0.372141
1775137078918,1,1.77514e+09,7,0,0,0,0,0,0,1034000,1.72669,4,0.797667,0.374064
1775137078918,1,1.77514e+09,7,0,0,0,0,0,0,1034000,1.68208,4,0.799438,0.374957
1775137078918,1,1.77514e+09,7,0,0,0,0,0,0,1034000,2.05544,4,0.80206,0.376786
1775137078918,1,1.77514e+09,8,0,0,67076826,0,0,1,1034000,1.74026,4,0.870431,0.407951
1775137078918,1,1.77514e+09,8,0,0,67076826,0,0,1,1034000,1.71963,4,0.888809,0.417134
1775137078918,1,1.77514e+09,8,0,0,67076826,0,0,1,1034000,1.68307,4,0.891287,0.417348
1775137078918,1,1.77514e+09,8,0,0,67076826,0,0,1,1034000,2.36861,4,0.894331,0.418365
1775137078918,1,1.77514e+09,8,0,0,67076826,0,0,1,1034000,2.37617,4,0.96235,0.451385
1775137078918,1,1.77514e+09,8,0,0,67076826,0,0,1,1034000,1.73744,4,0.990942,0.472743
1775137078918,1,1.77514e+09,8,0,0,67076826,0,0,1,1034000,1.92136,4,0.992579,0.47458
1775137078918,1,1.77514e+09,8,0,0,67076826,0,0,1,1034000,2.78592,4,0.99737,0.476476
1775137078918,1,1.77514e+09,1,0,0,0,0,0,0,1034000,1.91654,4,1.0063,0.485972
1775137078918,1,1.77514e+09,1,0,0,0,0,0,0,1034000,1.72168,4,1.00904,0.485972
1775137078918,1,1.77514e+09,1,0,0,0,0,0,0,1034000,1.71399,4,1.01161,0.486098
1775137078918,1,1.77514e+09,1,0,0,0,0,0,0,1034000,2.07463,4,1.01466,0.486105
1775137078918,1,1.77514e+09,1,0,0,0,0,0,0,1034000,1.72103,4,1.01715,0.486329
1775137078918,1,1.77514e+09,1,0,0,0,0,0,0,1034000,1.72232,4,1.01863,0.487565
1775137078918,1,1.77514e+09,1,0,0,0,0,0,0,1034000,1.70431,4,1.02042,0.488464
1775137078918,1,1.77514e+09,1,0,0,0,0,0,0,1034000,1.97642,4,1.02294,0.490245
1775137078918,1,1.77514e+09,2,0,0,0,0,0,0,1034000,1.76275,4,1.02753,0.497583
1775137078918,1,1.77514e+09,2,0,0,0,0,0,0,1034000,1.73453,4,1.0303,0.497583
1775137078918,1,1.77514e+09,2,0,0,0,0,0,0,1034000,1.70512,4,1.03288,0.497724
1775137078918,1,1.77514e+09,2,0,0,0,0,0,0,1034000,2.00048,4,1.03485,0.498709
1775137078918,1,1.77514e+09,2,0,0,0,0,0,0,1034000,1.70924,4,1.03668,0.499631
1775137078918,1,1.77514e+09,2,0,0,0,0,0,0,1034000,1.73245,4,1.03853,0.50056
1775137078918,1,1.77514e+09,2,0,0,0,0,0,0,1034000,1.94439,4,1.04198,0.50056
1775137078918,1,1.77514e+09,2,0,0,0,0,0,0,1034000,2.76216,4,1.04677,0.502167
1775137078918,1,1.77514e+09,3,0,0,0,0,0,0,1034000,1.91702,4,1.04992,0.50979
1775137078918,1,1.77514e+09,3,0,0,0,0,0,0,1034000,1.7322,4,1.05273,0.50979
1775137078918,1,1.77514e+09,3,0,0,0,0,0,0,1034000,1.68823,4,1.05543,0.50979
1775137078918,1,1.77514e+09,3,0,0,0,0,0,0,1034000,1.97419,4,1.0584,0.50979
1775137078918,1,1.77514e+09,3,0,0,0,0,0,0,1034000,1.71388,4,1.0611,0.509813
1775137078918,1,1.77514e+09,3,0,0,0,0,0,0,1034000,1.74755,4,1.06258,0.511053
1775137078918,1,1.77514e+09,3,0,0,0,0,0,0,1034000,1.70293,4,1.06439,0.511958
1775137078918,1,1.77514e+09,3,0,0,0,0,0,0,1034000,1.99625,4,1.06689,0.513724
1775137078918,1,1.77514e+09,4,0,0,0,0,0,0,1034000,1.73463,4,1.0694,0.523066
1775137078918,1,1.77514e+09,4,0,0,0,0,0,0,1034000,1.71854,4,1.07213,0.523066
1775137078918,1,1.77514e+09,4,0,0,0,0,0,0,1034000,1.69722,4,1.07472,0.523191
1775137078918,1,1.77514e+09,4,0,0,0,0,0,0,1034000,1.99918,4,1.07636,0.52451
1775137078918,1,1.77514e+09,4,0,0,0,0,0,0,1034000,1.72311,4,1.07883,0.524725
1775137078918,1,1.77514e+09,4,0,0,0,0,0,0,1034000,1.78368,4,1.08071,0.525669
1775137078918,1,1.77514e+09,4,0,0,0,0,0,0,1034000,1.83355,4,1.0839,0.525742
1775137078918,1,1.77514e+09,4,0,0,0,0,0,0,1034000,2.68369,4,1.08826,0.526903
1775137078918,1,1.77514e+09,5,0,0,0,0,0,0,1034000,1.91956,4,1.09621,0.53036
1775137078918,1,1.77514e+09,5,0,0,0,0,0,0,1034000,1.84743,4,1.0981,0.531307
1775137078918,1,1.77514e+09,5,0,0,0,0,0,0,1034000,1.77728,4,1.09996,0.532237
1775137078918,1,1.77514e+09,5,0,0,0,0,0,0,1034000,1.99008,4,1.10195,0.533232
1775137078918,1,1.77514e+09,5,0,0,0,0,0,0,1034000,1.78059,4,1.10379,0.534158
1775137078918,1,1.77514e+09,5,0,0,0,0,0,0,1034000,1.75461,4,1.10659,0.534158
1775137078918,1,1.77514e+09,5,0,0,0,0,0,0,1034000,1.8192,4,1.10944,0.534158
1775137078918,1,1.77514e+09,5,0,0,0,0,0,0,1034000,2.08962,4,1.11224,0.535858
1775137078918,1,1.77514e+09,6,0,0,0,0,0,0,1034000,1.76382,4,1.11569,0.544165
1775137078918,1,1.77514e+09,6,0,0,0,0,0,0,1034000,1.76665,4,1.11845,0.544165
1775137078918,1,1.77514e+09,6,0,0,0,0,0,0,1034000,1.75982,4,1.12105,0.544307
1775137078918,1,1.77514e+09,6,0,0,0,0,0,0,1034000,2.0643,4,1.12344,0.545007
1775137078918,1,1.77514e+09,6,0,0,0,0,0,0,1034000,1.77464,4,1.12597,0.545248
1775137078918,1,1.77514e+09,6,0,0,0,0,0,0,1034000,1.84345,4,1.12887,0.545248
1775137078918,1,1.77514e+09,6,0,0,0,0,0,0,1034000,1.96031,4,1.12951,0.548039
1775137078918,1,1.77514e+09,6,0,0,0,0,0,0,1034000,2.7637,4,1.13488,0.548713
1775137078918,1,1.77514e+09,7,0,0,0,0,0,0,1034000,1.93906,4,1.14382,0.550651
1775137078918,1,1.77514e+09,7,0,0,0,0,0,0,1034000,1.7189,4,1.14565,0.551573
1775137078918,1,1.77514e+09,7,0,0,0,0,0,0,1034000,1.71771,4,1.14838,0.551573
1775137078918,1,1.77514e+09,7,0,0,0,0,0,0,1034000,1.94674,4,1.15135,0.551573
1775137078918,1,1.77514e+09,7,0,0,0,0,0,0,1034000,1.71464,4,1.15397,0.551678
1775137078918,1,1.77514e+09,7,0,0,0,0,0,0,1034000,1.70286,4,1.1558,0.552596
1775137078918,1,1.77514e+09,7,0,0,0,0,0,0,1034000,2.031,4,1.15906,0.552596
1775137078918,1,1.77514e+09,7,0,0,0,0,0,0,1034000,2.05355,4,1.16308,0.553222
1775137078918,1,1.77514e+09,8,0,0,67076828,0,0,1,1034000,1.76993,4,1.22202,0.593322
1775137078918,1,1.77514e+09,8,0,0,67076828,0,0,1,1034000,1.76812,4,1.23872,0.606717
1775137078918,1,1.77514e+09,8,0,0,67076828,0,0,1,1034000,1.74177,4,1.24055,0.607637
1775137078918,1,1.77514e+09,8,0,0,67076828,0,0,1,1034000,2.09388,4,1.24229,0.609518
1775137078918,1,1.77514e+09,8,0,0,67076828,0,0,1,1034000,1.73252,4,1.30801,0.640368
1775137078918,1,1.77514e+09,8,0,0,67076828,0,0,1,1034000,1.72429,4,1.32138,0.648567
1775137078918,1,1.77514e+09,8,0,0,67076828,0,0,1,1034000,1.91357,4,1.32482,0.648567
1775137078918,1,1.77514e+09,8,0,0,67076828,0,0,1,1034000,2.66392,4,1.32713,0.65297
1775137078918,1,1.77514e+09,1,0,0,0,0,0,0,1034000,2.0237,4,1.33149,0.666247
1775137078918,1,1.77514e+09,1,0,0,0,0,0,0,1034000,1.79587,4,1.33428,0.666247
1775137078918,1,1.77514e+09,1,0,0,0,0,0,0,1034000,1.93185,4,1.33724,0.666247
1775137078918,1,1.77514e+09,1,0,0,0,0,0,0,1034000,1.99641,4,1.34028,0.666247
1775137078918,1,1.77514e+09,1,0,0,0,0,0,0,1034000,1.74396,4,1.34302,0.666247
1775137078918,1,1.77514e+09,1,0,0,0,0,0,0,1034000,1.69972,4,1.34569,0.666283
1775137078918,1,1.77514e+09,1,0,0,0,0,0,0,1034000,1.72354,4,1.34715,0.667518
1775137078918,1,1.77514e+09,1,0,0,0,0,0,0,1034000,2.0298,4,1.35127,0.667518
1775137078918,1,1.77514e+09,2,0,0,0,0,0,0,1034000,1.72824,4,1.36243,0.668593
1775137078918,1,1.77514e+09,2,0,0,0,0,0,0,1034000,1.74184,4,1.36428,0.669519
1775137078918,1,1.77514e+09,2,0,0,0,0,0,0,1034000,1.73026,4,1.36702,0.669519
1775137078918,1,1.77514e+09,2,0,0,0,0,0,0,1034000,1.96626,4,1.36996,0.669519
1775137078918,1,1.77514e+09,2,0,0,0,0,0,0,1034000,1.76997,4,1.3727,0.669519
1775137078918,1,1.77514e+09,2,0,0,0,0,0,0,1034000,1.80508,4,1.37545,0.669547
1775137078918,1,1.77514e+09,2,0,0,0,0,0,0,1034000,1.93309,4,1.37669,0.671679
1775137078918,1,1.77514e+09,2,0,0,0,0,0,0,1034000,2.76317,4,1.38011,0.674405
1775137078918,1,1.77514e+09,3,0,0,0,0,0,0,1034000,2.01503,4,1.38667,0.67869
1775137078918,1,1.77514e+09,3,0,0,0,0,0,0,1034000,1.78596,4,1.38854,0.679624
1775137078918,1,1.77514e+09,3,0,0,0,0,0,0,1034000,1.75272,4,1.39126,0.679624
1775137078918,1,1.77514e+09,3,0,0,0,0,0,0,1034000,2.07198,4,1.39341,0.68055
1775137078918,1,1.77514e+09,3,0,0,0,0,0,0,1034000,1.78194,4,1.39626,0.68055
1775137078918,1,1.77514e+09,3,0,0,0,0,0,0,1034000,1.77414,4,1.39902,0.68055
1775137078918,1,1.77514e+09,3,0,0,0,0,0,0,1034000,1.74208,4,1.40169,0.680646
1775137078918,1,1.77514e+09,3,0,0,0,0,0,0,1034000,2.17082,4,1.40662,0.680646
1775137078918,1,1.77514e+09,4,0,0,0,0,0,0,1034000,1.75002,4,1.41652,0.681991
1775137078918,1,1.77514e+09,4,0,0,0,0,0,0,1034000,1.88981,4,1.41947,0.681991
1775137078918,1,1.77514e+09,4,0,0,0,0,0,0,1034000,1.80253,4,1.42232,0.681991
1775137078918,1,1.77514e+09,4,0,0,0,0,0,0,1034000,2.10037,4,1.42546,0.681991
1775137078918,1,1.77514e+09,4,0,0,0,0,0,0,1034000,1.82781,4,1.42832,0.681991
1775137078918,1,1.77514e+09,4,0,0,0,0,0,0,1034000,1.88698,4,1.43123,0.681991
1775137078918,1,1.77514e+09,4,0,0,0,0,0,0,1034000,1.96263,4,1.43265,0.683996
1775137078918,1,1.77514e+09,4,0,0,0,0,0,0,1034000,2.89333,4,1.43661,0.685978
1775137078918,1,1.77514e+09,5,0,0,0,0,0,0,1034000,2.425,4,1.44475,0.690045
1775137078918,1,1.77514e+09,5,0,0,0,0,0,0,1034000,1.9306,4,1.44785,0.690079
1775137078918,1,1.77514e+09,5,0,0,0,0,0,0,1034000,1.76032,4,1.45037,0.690317
1775137078918,2,1.77514e+09,5,0,0,0,0,0,0,4136000,6.81816,4,1.46003,0.691116
1775137078918,2,1.77514e+09,5,0,0,0,0,0,0,4136000,7.04682,4,1.47574,0.69393
1775137078918,2,1.77514e+09,6,0,0,0,0,0,0,4136000,7.05185,4,1.48506,0.700097
1775137078918,2,1.77514e+09,6,0,0,0,0,0,0,4136000,6.66291,4,1.49571,0.707961
1775137078918,2,1.77514e+09,7,0,0,0,0,0,0,4136000,6.6766,4,1.50502,0.712587
1775137078918,2,1.77514e+09,7,0,0,0,0,0,0,4136000,6.62904,4,1.51423,0.720244
1775137078918,2,1.77514e+09,8,0,0,67076829,0,0,1,4136000,6.58664,4,1.58036,0.767459
1775137078918,2,1.77514e+09,8,0,0,67076829,0,0,1,4136000,6.66122,4,1.60557,0.776531
1775137078918,2,1.77514e+09,8,0,0,67076829,0,0,1,4136000,7.19819,4,1.61715,0.78132
1775137078918,2,1.77514e+09,9,0,0,75461434,0,0,1,4136000,35.5722,4,1.63235,0.78591
1775137078918,2,1.77514e+09,10,0,0,83846038,0,0,1,4136000,6.74466,4,1.7145,0.832036
1775137078918,2,1.77514e+09,10,0,0,83846038,0,0,1,4136000,6.69643,4,1.7292,0.833848
1775137078918,2,1.77514e+09,10,0,0,83846038,0,0,1,4136000,6.6538,4,1.73869,0.838079
1775137078918,2,1.77514e+09,10,0,0,83846038,0,0,1,4136000,7.02447,4,1.74899,0.839193
1775137078918,2,1.77514e+09,3,0,0,0,0,0,0,4136000,6.50148,4,1.76728,0.84228
1775137078918,2,1.77514e+09,4,0,0,0,0,0,0,4136000,6.68863,4,1.77846,0.854467
1775137078918,2,1.77514e+09,5,0,0,0,0,0,0,4136000,6.71036,4,1.78807,0.858759
1775137078918,2,1.77514e+09,5,0,0,0,0,0,0,4136000,6.57495,4,1.79996,0.86269
1775137078918,2,1.77514e+09,6,0,0,0,0,0,0,4136000,6.68868,4,1.81005,0.868221
1775137078918,2,1.77514e+09,6,0,0,0,0,0,0,4136000,6.99278,4,1.82677,0.869027
1775137078918,2,1.77514e+09,7,0,0,0,0,0,0,4136000,6.69958,4,1.83571,0.874003
1775137078918,2,1.77514e+09,7,0,0,0,0,0,0,4136000,6.7496,4,1.85075,0.874976
1775137078918,2,1.77514e+09,8,0,0,67076835,0,0,1,4136000,7.64725,4,1.92969,0.915495
1775137078918,2,1.77514e+09,8,0,0,67076835,0,0,1,4136000,6.85084,4,1.95308,0.923661
1775137078918,2,1.77514e+09,8,0,0,67076835,0,0,1,4136000,7.41551,4,1.96528,0.927739
1775137078918,2,1.77514e+09,9,0,0,75461439,0,0,1,4136000,31.672,4,1.97816,0.935223
1775137078918,2,1.77514e+09,10,0,0,83846044,0,0,1,4136000,7.21607,4,2.05225,0.984838
1775137078918,2,1.77514e+09,10,0,0,83846044,0,0,1,4136000,7.169,4,2.06168,0.992585
1775137078918,2,1.77514e+09,10,0,0,83846044,0,0,1,4136000,7.17761,4,2.07194,0.995701
1775137078918,2,1.77514e+09,10,0,0,83846044,0,0,1,4136000,7.19914,4,2.08027,0.99885
1775137078918,2,1.77514e+09,3,0,0,0,0,0,0,4136000,6.8328,4,2.09895,1.00165
1775137078918,2,1.77514e+09,4,0,0,0,0,0,0,4136000,7.02177,4,2.11317,1.01078
1775137078918,2,1.77514e+09,5,0,0,0,0,0,0,4136000,6.82481,4,2.12534,1.01432
1775137078918,2,1.77514e+09,5,0,0,0,0,0,0,4136000,6.75554,4,2.13938,1.01832
1775137078918,2,1.77514e+09,6,0,0,0,0,0,0,4136000,6.62481,4,2.15146,1.02081
1775137078918,2,1.77514e+09,6,0,0,0,0,0,0,4136000,6.86408,4,2.16627,1.02268
1775137078918,2,1.77514e+09,7,0,0,0,0,0,0,4136000,8.38901,4,2.18305,1.02756
1775137078918,2,1.77514e+09,7,0,0,0,0,0,0,4136000,6.71272,4,2.19423,1.03317
1775137078918,2,1.77514e+09,8,0,0,67076836,0,0,1,4136000,6.85159,4,2.26648,1.07683
1775137078918,2,1.77514e+09,8,0,0,67076836,0,0,1,4136000,6.86724,4,2.28454,1.0884
1775137078918,2,1.77514e+09,8,0,0,67076836,0,0,1,4136000,7.4215,4,2.29377,1.09505
1775137078918,2,1.77514e+09,9,0,0,75461440,0,0,1,4136000,31.4253,4,2.30612,1.10476
1775137078918,2,1.77514e+09,9,0,0,75461440,0,0,1,4136000,6.61438,4,2.33606,1.1197
1775137078918,2,1.77514e+09,9,0,0,75461440,0,0,1,4136000,6.99311,4,2.42018,1.16023
1775137078918,2,1.77514e+09,9,0,0,75461440,0,0,1,4136000,6.78552,4,2.43036,1.16633
1775137078918,2,1.77514e+09,9,0,0,75461440,0,0,1,4136000,7.43494,4,2.43923,1.17127
1775137078918,2,1.77514e+09,2,0,0,0,0,0,0,4136000,67.6482,4,2.45408,1.18223
1775137078918,2,1.77514e+09,3,0,0,0,0,0,0,4136000,6.55512,4,2.46591,1.19266
1775137078918,2,1.77514e+09,3,0,0,0,0,0,0,4136000,6.71786,4,2.48006,1.1947
1775137078918,2,1.77514e+09,4,0,0,0,0,0,0,4136000,6.66735,4,2.49298,1.19764
1775137078918,2,1.77514e+09,4,0,0,0,0,0,0,4136000,6.61431,4,2.5024,1.20639
1775137078918,2,1.77514e+09,5,0,0,0,0,0,0,4136000,6.62129,4,2.50995,1.21267
1775137078918,2,1.77514e+09,5,0,0,0,0,0,0,4136000,6.58815,4,2.52481,1.21356
1775137078918,2,1.77514e+09,6,0,0,0,0,0,0,4136000,6.57264,4,2.53749,1.21538
1775137078918,2,1.77514e+09,6,0,0,0,0,0,0,4136000,6.71702,4,2.55174,1.21747
1775137078918,2,1.77514e+09,7,0,0,0,0,0,0,4136000,6.5637,4,2.56366,1.21988
1775137078918,2,1.77514e+09,7,0,0,0,0,0,0,4136000,6.68995,4,2.57824,1.22164
1775137078918,2,1.77514e+09,8,0,0,138340077,0,0,1,4136000,6.55183,4,2.6546,1.25982
1775137078918,2,1.77514e+09,8,0,0,138340077,0,0,1,4136000,6.72906,4,2.67071,1.27344
1775137078918,2,1.77514e+09,8,0,0,138340077,0,0,1,4136000,7.3275,4,2.68209,1.27762
1775137078918,2,1.77514e+09,9,0,0,146724681,0,0,1,4136000,31.4888,4,2.69983,1.28046
1775137078918,2,1.77514e+09,10,0,0,155109286,0,0,1,4136000,7.01258,4,2.78004,1.32608
1775137078918,2,1.77514e+09,10,0,0,155109286,0,0,1,4136000,7.38174,4,2.78967,1.33393
1775137078918,2,1.77514e+09,10,0,0,155109286,0,0,1,4136000,6.97516,4,2.79632,1.34179
1775137078918,2,1.77514e+09,10,0,0,155109286,0,0,1,4136000,7.24897,4,2.80514,1.34619
1775137078918,2,1.77514e+09,11,0,0,163493891,0,0,1,4136000,6.71187,4,2.83725,1.37384
1775137078918,2,1.77514e+09,12,0,0,171878495,0,13421772,1,4136000,316.481,4,2.90481,1.40507
1775137078918,2,1.77514e+09,5,0,0,0,0,0,1,4136000,28.6484,4,2.92848,1.41941
1775137078918,2,1.77514e+09,5,0,0,0,0,0,0,4136000,6.67625,4,2.94287,1.42257
1775137078918,2,1.77514e+09,6,0,0,0,0,0,0,4136000,6.69937,4,2.95409,1.42667
1775137078918,2,1.77514e+09,6,0,0,0,0,0,0,4136000,6.86034,4,2.9698,1.42849
1775137078918,2,1.77514e+09,7,0,0,0,0,0,0,4136000,6.76269,4,2.9808,1.43247
1775137078918,2,1.77514e+09,7,0,0,0,0,0,0,4136000,6.67197,4,2.99541,1.43425
1775137078918,2,1.77514e+09,7,0,0,0,0,0,0,4136000,6.65772,4,3.0075,1.43728
1775137078918,2,1.77514e+09,7,0,0,0,0,0,0,4136000,6.52594,4,3.01724,1.44316
1775137078918,2,1.77514e+09,7,0,0,0,0,0,0,4136000,6.75819,4,3.02743,1.44825
1775137078918,2,1.77514e+09,7,0,0,0,0,0,0,4136000,6.63136,4,3.04249,1.44924
1775137078918,2,1.77514e+09,7,0,0,0,0,0,0,4136000,6.71404,4,3.05512,1.45151
1775137078918,2,1.77514e+09,7,0,0,0,0,0,0,4136000,6.80613,4,3.06942,1.45362
1775137078918,2,1.77514e+09,7,0,0,0,0,0,0,4136000,6.54511,4,3.08085,1.45681
1775137078918,2,1.77514e+09,7,0,0,0,0,0,0,4136000,6.58997,4,3.09376,1.46027
1775137078918,2,1.77514e+09,7,0,0,0,0,0,0,4136000,6.49941,4,3.10359,1.46466
1775137078918,2,1.77514e+09,7,0,0,0,0,0,0,4136000,6.61366,4,3.11755,1.46661
1775137078918,2,1.77514e+09,7,0,0,0,0,0,0,4136000,6.60037,4,3.13039,1.46951
1775137078918,2,1.77514e+09,7,0,0,0,0,0,0,4136000,7.16811,4,3.14427,1.47445
1775137078918,2,1.77514e+09,7,0,0,0,0,0,0,4136000,6.69515,4,3.15743,1.47602
1775137078918,2,1.77514e+09,7,0,0,0,0,0,0,4136000,6.87141,4,3.16968,1.48013
1775137078918,2,1.77514e+09,7,0,0,0,0,0,0,4136000,6.53996,4,3.17863,1.48665
1775137078918,2,1.77514e+09,7,0,0,0,0,0,0,4136000,6.79717,4,3.1898,1.49173
1775137078918,2,1.77514e+09,7,0,0,0,0,0,0,4136000,6.71038,4,3.20286,1.49473
1775137078918,2,1.77514e+09,7,0,0,0,0,0,0,4136000,6.7746,4,3.21724,1.49742
1775137078918,2,1.77514e+09,7,0,0,0,0,0,0,4136000,6.67601,4,3.22548,1.50355
1775137078918,2,1.77514e+09,7,0,0,0,0,0,0,4136000,6.5739,4,3.23724,1.50743
1775137078918,2,1.77514e+09,7,0,0,0,0,0,0,4136000,6.53442,4,3.24684,1.51271
1775137078918,2,1.77514e+09,7,0,0,0,0,0,0,4136000,6.76235,4,3.26046,1.51551
1775137078918,2,1.77514e+09,7,0,0,0,0,0,0,4136000,6.5982,4,3.27144,1.51896
1775137078918,2,1.77514e+09,7,0,0,0,0,0,0,4136000,6.677,4,3.28056,1.52657
1775137078918,2,1.77514e+09,7,0,0,0,0,0,0,4136000,6.5896,4,3.29092,1.53019
1775137078918,2,1.77514e+09,7,0,0,0,0,0,0,4136000,6.81048,4,3.30507,1.53223
1775137078918,2,1.77514e+09,7,0,0,0,0,0,0,4136000,6.68384,4,3.31711,1.53779
1775137078918,2,1.77514e+09,7,0,0,0,0,0,0,4136000,7.02638,4,3.33132,1.54241
1775137078918,2,1.77514e+09,7,0,0,0,0,0,0,4136000,6.57977,4,3.34191,1.54567
1775137078918,2,1.77514e+09,7,0,0,0,0,0,0,4136000,6.5657,4,3.35494,1.54866
1775137078918,2,1.77514e+09,7,0,0,0,0,0,0,4136000,6.55959,4,3.36855,1.54992
1775137078918,2,1.77514e+09,7,0,0,0,0,0,0,4136000,6.55452,4,3.38116,1.55372
1775137078918,2,1.77514e+09,7,0,0,0,0,0,0,4136000,6.4846,4,3.38988,1.55906
1775137078918,2,1.77514e+09,7,0,0,0,0,0,0,4136000,6.57108,4,3.4029,1.56205
1775137078918,2,1.77514e+09,7,0,0,0,0,0,0,4136000,6.70629,4,3.41588,1.56503
1775137078918,2,1.77514e+09,7,0,0,0,0,0,0,4136000,8.1306,4,3.43267,1.5679
1775137078918,2,1.77514e+09,7,0,0,0,0,0,0,4136000,6.50998,4,3.44286,1.57299
1775137078918,2,1.77514e+09,7,0,0,0,0,0,0,4136000,6.60518,4,3.45696,1.57555
1775137078918,2,1.77514e+09,7,0,0,0,0,0,0,4136000,6.55635,4,3.46888,1.57795
1775137078918,2,1.77514e+09,7,0,0,0,0,0,0,4136000,6.45733,4,3.4768,1.58594
1775137078918,2,1.77514e+09,7,0,0,0,0,0,0,4136000,6.57892,4,3.48511,1.59265
1775137078918,2,1.77514e+09,7,0,0,0,0,0,0,4136000,6.78519,4,3.50073,1.59343
1775137078918,2,1.77514e+09,7,0,0,0,0,0,0,4136000,6.87179,4,3.51311,1.59614
1775137078918,2,1.77514e+09,7,0,0,0,0,0,0,4136000,6.86163,4,3.5274,1.59824
1775137078918,2,1.77514e+09,7,0,0,0,0,0,0,4136000,6.58863,4,3.53839,1.60168
1775137078918,2,1.77514e+09,7,0,0,0,0,0,0,4136000,6.78483,4,3.5514,1.60522
1775137078918,2,1.77514e+09,7,0,0,0,0,0,0,4136000,6.60674,4,3.56078,1.6104
1775137078918,2,1.77514e+09,7,0,0,0,0,0,0,4136000,6.98412,4,3.57103,1.61707
1775137078918,2,1.77514e+09,7,0,0,0,0,0,0,4136000,6.67567,4,3.58028,1.62219
1775137078918,2,1.77514e+09,7,0,0,0,0,0,0,4136000,6.72823,4,3.59035,1.62878
1775137078918,2,1.77514e+09,7,0,0,0,0,0,0,4136000,6.54939,4,3.60106,1.63209
1775137078918,2,1.77514e+09,7,0,0,0,0,0,0,4136000,6.49667,4,3.61497,1.63403
1775137078918,2,1.77514e+09,7,0,0,0,0,0,0,4136000,6.44163,4,3.6256,1.63831
1775137078918,2,1.77514e+09,7,0,0,0,0,0,0,4136000,6.65161,4,3.63471,1.64593
1775137078918,2,1.77514e+09,7,0,0,0,0,0,0,4136000,8.20185,4,3.64579,1.65196
1775137078918,2,1.77514e+09,7,0,0,0,0,0,0,4136000,6.54878,4,3.66125,1.65269
1775137078918,2,1.77514e+09,7,0,0,0,0,0,0,4136000,6.44881,4,3.67213,1.65663
1775137078918,2,1.77514e+09,7,0,0,0,0,0,0,4136000,6.56922,4,3.68206,1.66261
1775137078918,2,1.77514e+09,7,0,0,0,0,0,0,4136000,6.47935,4,3.69211,1.66809
1775137078918,2,1.77514e+09,7,0,0,0,0,0,0,4136000,6.74055,4,3.70582,1.67094
1775137078918,2,1.77514e+09,7,0,0,0,0,0,0,4136000,6.50547,4,3.71766,1.67385
1775137078918,2,1.77514e+09,7,0,0,0,0,0,0,4136000,6.48911,4,3.73146,1.67574
1775137078918,2,1.77514e+09,7,0,0,0,0,0,0,4136000,6.51491,4,3.74204,1.68
1775137078918,2,1.77514e+09,7,0,0,0,0,0,0,4136000,6.66166,4,3.75641,1.68214
1775137078918,2,1.77514e+09,7,0,0,0,0,0,0,4136000,6.37507,4,3.76747,1.68571
1775137078918,2,1.77514e+09,7,0,0,0,0,0,0,4136000,6.57162,4,3.77816,1.69057
1775137078918,2,1.77514e+09,7,0,0,0,0,0,0,4136000,6.59604,4,3.79192,1.69244
1775137078918,2,1.77514e+09,7,0,0,0,0,0,0,4136000,6.70262,4,3.80403,1.69649
1775137078918,2,1.77514e+09,7,0,0,0,0,0,0,4136000,6.51073,4,3.81457,1.70117
1775137078918,2,1.77514e+09,7,0,0,0,0,0,0,4136000,6.6003,4,3.82957,1.7027
1775137078918,2,1.77514e+09,7,0,0,0,0,0,0,4136000,6.5635,4,3.84413,1.7027
1775137078918,2,1.77514e+09,7,0,0,0,0,0,0,4136000,6.49784,4,3.85827,1.70451
1775137078918,2,1.77514e+09,7,0,0,0,0,0,0,4136000,6.73802,4,3.86963,1.70822
1775137078918,2,1.77514e+09,7,0,0,0,0,0,0,4136000,7.51808,4,3.88429,1.71251
1775137078918,2,1.77514e+09,7,0,0,0,0,0,0,4136000,6.62911,4,3.89473,1.7177
1775137078918,2,1.77514e+09,7,0,0,0,0,0,0,4136000,6.46447,4,3.90563,1.72266
1775137078918,2,1.77514e+09,7,0,0,0,0,0,0,4136000,6.46821,4,3.91586,1.72776
1775137078918,2,1.77514e+09,7,0,0,0,0,0,0,4136000,6.56477,4,3.92866,1.73066
1775137078918,2,1.77514e+09,7,0,0,0,0,0,0,4136000,6.39435,4,3.94078,1.73426
1775137078918,2,1.77514e+09,7,0,0,0,0,0,0,4136000,6.65257,4,3.95544,1.7361
1775137078918,2,1.77514e+09,7,0,0,0,0,0,0,4136000,6.95144,4,3.96682,1.74026
1775137078918,2,1.77514e+09,7,0,0,0,0,0,0,4136000,6.585,4,3.98144,1.74207
1775137078918,2,1.77514e+09,7,0,0,0,0,0,0,4136000,6.50666,4,3.99405,1.74432
1775137078918,2,1.77514e+09,7,0,0,0,0,0,0,4136000,6.56321,4,4.00809,1.74632
1775137078918,2,1.77514e+09,7,0,0,0,0,0,0,4136000,6.58941,4,4.01931,1.75041
1775137078918,2,1.77514e+09,7,0,0,0,0,0,0,4136000,6.55425,4,4.02911,1.75633
1775137078918,2,1.77514e+09,7,0,0,0,0,0,0,4136000,6.64284,4,4.04279,1.75874
1775137078918,2,1.77514e+09,7,0,0,0,0,0,0,4136000,6.74866,4,4.05596,1.7618
1775137078918,2,1.77514e+09,7,0,0,0,0,0,0,4136000,6.51304,4,4.06609,1.76686
1775137078918,2,1.77514e+09,7,0,0,0,0,0,0,4136000,6.51108,4,4.0787,1.76968
1775137078918,2,1.77514e+09,7,0,0,0,0,0,0,4136000,6.59837,4,4.09142,1.77298
1775137078918,2,1.77514e+09,7,0,0,0,0,0,0,4136000,6.71306,4,4.1056,1.77504
1775137078918,2,1.77514e+09,7,0,0,0,0,0,0,4136000,6.64376,4,4.1188,1.77711
1775137078918,2,1.77514e+09,7,0,0,0,0,0,0,4136000,6.60082,4,4.13342,1.77893
1775137078918,2,1.77514e+09,7,0,0,0,0,0,0,4136000,6.51681,4,4.14548,1.78137
1775137078918,2,1.77514e+09,7,0,0,0,0,0,0,4136000,6.64417,4,4.15548,1.78738
1775137078918,2,1.77514e+09,7,0,0,0,0,0,0,4136000,6.63746,4,4.165,1.79318
1775137078918,2,1.77514e+09,7,0,0,0,0,0,0,4136000,7.00064,4,4.17978,1.79506
1775137078918,2,1.77514e+09,7,0,0,0,0,0,0,4136000,6.69197,4,4.19353,1.79593
1775137078918,2,1.77514e+09,7,0,0,0,0,0,0,4136000,6.73166,4,4.20774,1.79801
1775137078918,2,1.77514e+09,7,0,0,0,0,0,0,4136000,6.64106,4,4.2208,1.79944
1775137078918,2,1.77514e+09,7,0,0,0,0,0,0,4136000,6.82539,4,4.23054,1.80634
1775137078918,2,1.77514e+09,7,0,0,0,0,0,0,4140000,6.72626,4,4.24026,1.81108
1775137078918,2,1.77514e+09,7,0,0,0,0,0,0,4140000,6.98425,4,4.25415,1.81402
1775137078918,2,1.77514e+09,8,0,0,503078260,0,0,1,4140000,6.58548,4,4.33403,1.84093
1775137078918,2,1.77514e+09,8,0,0,503078260,0,0,1,4140000,6.80022,4,4.42174,1.87982
1775137078918,2,1.77514e+09,9,0,0,511466864,0,0,1,4140000,6.86875,4,4.45621,1.891
1775137078918,2,1.77514e+09,9,0,0,511466864,0,0,1,4140000,6.95201,4,4.47054,1.89312
1775137078918,2,1.77514e+09,9,0,0,511466864,0,0,1,4140000,6.81547,4,4.4825,1.8981
1775137078918,2,1.77514e+09,9,0,0,511466864,0,0,1,4140000,133.968,4,4.49353,1.90312
1775137078918,2,1.77514e+09,10,0,0,519855469,0,0,1,4140000,146.429,4,4.51802,1.9083
1775137078918,2,1.77514e+09,11,0,0,532438029,0,0,1,4140000,6.66564,4,4.61303,1.94371
1775137078918,2,1.77514e+09,11,0,0,532438029,0,0,1,4140000,6.79082,4,4.68533,1.9879
1775137078918,2,1.77514e+09,11,0,0,532438029,0,0,1,4140000,7.01063,4,4.69773,1.99005
1775137078918,2,1.77514e+09,11,0,0,532438029,0,0,1,4140000,8.303,4,4.70586,1.99913
1775137078918,2,1.77514e+09,12,0,0,548798602,0,13421772,1,4140000,425.549,4,4.73872,2.01106
1775137078918,2,1.77514e+09,13,0,0,586357027,0,8589933,1,4140000,379.008,4,4.87999,2.0943
1775137078918,2,1.77514e+09,14,0,0,611088243,0,4123167,1,4140000,500.989,4,4.98169,2.14577
1775137078918,2,1.77514e+09,6,0,0,0,0,0,1,4140000,388.616,4,5.01056,2.17108
1775137078918,2,1.77514e+09,6,0,0,0,0,0,0,4140000,6.90033,4,5.02332,2.19148
1775137078918,2,1.77514e+09,7,0,0,0,0,0,0,4140000,6.57233,4,5.03697,2.19331
1775137078918,2,1.77514e+09,7,0,0,0,0,0,0,4140000,6.62811,4,5.05012,2.19636
1775137078918,2,1.77514e+09,7,0,0,0,0,0,0,4140000,6.54678,4,5.06105,2.20076
1775137078918,2,1.77514e+09,7,0,0,0,0,0,0,4140000,6.7771,4,5.07616,2.20235
1775137078918,2,1.77514e+09,7,0,0,0,0,0,0,4140000,6.53646,4,5.08894,2.20467
1775137078918,2,1.77514e+09,7,0,0,0,0,0,0,4140000,6.56669,4,5.09871,2.21058
1775137078918,2,1.77514e+09,7,0,0,0,0,0,0,4140000,6.38242,4,5.10804,2.21616
1775137078918,2,1.77514e+09,7,0,0,0,0,0,0,4140000,6.67962,4,5.12165,2.21898
1775137078918,2,1.77514e+09,7,0,0,7933997,0,0,1,4140000,6.63687,4,5.19944,2.25276
1775137078918,2,1.77514e+09,7,0,0,7933997,0,0,1,4140000,6.70023,4,5.21802,2.26359
1775137078918,2,1.77514e+09,7,0,0,7933997,0,0,1,4140000,6.987,4,5.22658,2.27042
1775137078918,2,1.77514e+09,8,0,0,754846083,0,0,1,4140000,32.4004,4,5.24426,2.27985
1775137078918,2,1.77514e+09,8,0,0,778134334,0,0,1,4140000,6.71664,4,5.33703,2.3222
1775137078918,2,1.77514e+09,8,0,0,778134334,0,0,1,4140000,6.55338,4,5.34815,2.33026
1775137078918,2,1.77514e+09,8,0,0,778134334,0,0,1,4140000,6.52061,4,5.35597,2.3362
1775137078918,2,1.77514e+09,8,0,0,778134334,0,0,1,4140000,7.12991,4,5.36561,2.33803
1775137078918,2,1.77514e+09,8,0,0,801248886,0,0,1,4140000,6.58861,4,5.40698,2.35374
1775137078918,2,1.77514e+09,8,0,0,824196598,0,0,1,4140000,6.58352,4,5.47288,2.38069
1775137078918,2,1.77514e+09,8,0,0,824196598,0,0,1,4140000,6.49451,4,5.48545,2.38092
1775137078918,2,1.77514e+09,8,0,0,824196598,0,0,1,4140000,6.60079,4,5.4941,2.38319
1775137078918,2,1.77514e+09,8,0,0,846983975,0,0,1,4140000,59.7204,4,5.5147,2.39044
1775137078918,2,1.77514e+09,8,0,0,880876889,0,0,1,4140000,6.60647,4,5.59735,2.43075
1775137078918,2,1.77514e+09,8,0,0,880876889,0,0,1,4140000,6.64058,4,5.61289,2.43152
1775137078918,2,1.77514e+09,8,0,0,880876889,0,0,1,4140000,6.53685,4,5.62363,2.43382
1775137078918,2,1.77514e+09,8,0,0,880876889,0,0,1,4140000,6.84041,4,5.63106,2.43801
1775137078918,2,1.77514e+09,8,0,0,903289743,0,0,1,4140000,6.90836,4,5.65684,2.44503
1775137078918,2,1.77514e+09,8,0,0,925562527,0,0,1,4140000,6.95507,4,5.74289,2.47746
1775137078918,2,1.77514e+09,8,0,0,925562527,0,0,1,4140000,6.77152,4,5.75236,2.48066
1775137078918,2,1.77514e+09,8,0,0,925562527,0,0,1,4140000,6.91477,4,5.76111,2.48254
1775137078918,2,1.77514e+09,8,0,0,947700397,0,0,1,4140000,84.9657,4,5.78077,2.4924
1775137078918,2,1.77514e+09,8,0,0,980664012,0,0,1,4140000,6.90646,4,5.86072,2.53643
1775137078918,2,1.77514e+09,8,0,0,980664012,0,0,1,4140000,6.9009,4,5.87114,2.54319
1775137078918,2,1.77514e+09,8,0,0,980664012,0,0,1,4140000,6.94592,4,5.88275,2.54645
1775137078918,2,1.77514e+09,8,0,0,980664012,0,0,1,4140000,7.20878,4,5.8905,2.55191
1775137078918,2,1.77514e+09,8,0,0,1002485568,0,0,1,4140000,6.74893,4,5.91712,2.56375
1775137078918,2,1.77514e+09,8,0,0,1024188389,0,0,1,4140000,6.88987,4,5.98827,2.60185
1775137078918,2,1.77514e+09,8,0,0,1024188389,0,0,1,4140000,7.1419,4,5.99946,2.60392
1775137078918,2,1.77514e+09,8,0,0,1024188389,0,0,1,4140000,6.67381,4,6.00775,2.60604
1775137078918,2,1.77514e+09,7,0,0,0,0,0,0,4140000,79.3141,4,6.02529,2.61213
1775137078918,2,1.77514e+09,7,0,0,0,0,0,0,4140000,6.53488,4,6.04026,2.63463
1775137078918,2,1.77514e+09,7,0,0,0,0,0,0,4140000,6.70567,4,6.0552,2.63615
1775137078918,2,1.77514e+09,7,0,0,0,0,0,0,4140000,6.4069,4,6.06675,2.64038
1775137078918,2,1.77514e+09,7,0,0,0,0,0,0,4140000,6.50871,4,6.07654,2.6463
1775137078918,2,1.77514e+09,7,0,0,0,0,0,0,4140000,6.50141,4,6.08556,2.65275
1775137078918,2,1.77514e+09,7,0,0,0,0,0,0,4140000,6.59539,4,6.10043,2.65424
1775137078918,2,1.77514e+09,7,0,0,0,0,0,0,4140000,6.65349,4,6.11201,2.65748
1775137078918,2,1.77514e+09,7,0,0,0,0,0,0,4140000,6.51942,4,6.12181,2.66341
1775137078918,2,1.77514e+09,7,0,0,0,0,0,0,4140000,7.76799,4,6.13364,2.66933
1775137078918,2,1.77514e+09,7,0,0,0,0,0,0,4140000,6.6597,4,6.14676,2.67237
1775137078918,2,1.77514e+09,7,0,0,0,0,0,0,4140000,6.59895,4,6.15837,2.67563
1775137078918,2,1.77514e+09,7,0,0,0,0,0,0,4140000,6.56712,4,6.16795,2.68246
1775137078918,2,1.77514e+09,7,0,0,0,0,0,0,4140000,6.55316,4,6.17807,2.68651
1775137078918,2,1.77514e+09,7,0,0,0,0,0,0,4140000,6.62717,4,6.19205,2.68848
1775137078918,2,1.77514e+09,7,0,0,0,0,0,0,4140000,6.44717,4,6.20325,2.69199
1775137078918,2,1.77514e+09,7,0,0,0,0,0,0,4140000,6.89045,4,6.21807,2.69389
1775137078918,2,1.77514e+09,7,0,0,0,0,0,0,4140000,6.531,4,6.22853,2.69809
1775137078918,2,1.77514e+09,7,0,0,0,0,0,0,4140000,6.66207,4,6.24318,2.69992
1775137078918,2,1.77514e+09,7,0,0,0,0,0,0,4140000,6.66927,4,6.2565,2.70146
1775137078918,2,1.77514e+09,7,0,0,0,0,0,0,4140000,6.69774,4,6.26659,2.70808
1775137078918,2,1.77514e+09,7,0,0,0,0,0,0,4140000,6.60602,4,6.2756,2.71353
1775137078918,2,1.77514e+09,7,0,0,0,0,0,0,4140000,6.45844,4,6.29043,2.71443
1775137078918,2,1.77514e+09,7,0,0,0,0,0,0,4140000,6.49151,4,6.30299,2.71665
1775137078918,2,1.77514e+09,7,0,0,0,0,0,0,4140000,6.68185,4,6.31264,2.72351
1775137078918,2,1.77514e+09,7,0,0,0,0,0,0,4140000,6.64363,4,6.32202,2.72868
1775137078918,2,1.77514e+09,7,0,0,0,0,0,0,4140000,6.68994,4,6.33216,2.73532
1775137078918,2,1.77514e+09,7,0,0,0,0,0,0,4140000,6.65027,4,6.34407,2.7377
1775137078918,2,1.77514e+09,7,0,0,0,0,0,0,4140000,7.91676,4,6.36154,2.73944
1775137078918,2,1.77514e+09,7,0,0,0,0,0,0,4140000,6.67923,4,6.37065,2.74349
1775137078918,2,1.77514e+09,7,0,0,0,0,0,0,4140000,6.56867,4,6.38456,2.74543
1775137078918,2,1.77514e+09,7,0,0,0,0,0,0,4140000,6.50206,4,6.39507,2.74965
1775137078918,2,1.77514e+09,7,0,0,0,0,0,0,4140000,6.70844,4,6.41075,2.75048
1775137078918,2,1.77514e+09,7,0,0,0,0,0,0,4140000,6.77503,4,6.4234,2.75274
1775137078918,2,1.77514e+09,7,0,0,0,0,0,0,4140000,6.67366,4,6.43602,2.75657
1775137078918,2,1.77514e+09,7,0,0,0,0,0,0,4140000,6.6053,4,6.44698,2.75997
1775137078918,2,1.77514e+09,7,0,0,0,0,0,0,4140000,6.73156,4,6.45812,2.76561
1775137078918,2,1.77514e+09,7,0,0,0,0,0,0,4140000,6.7944,4,6.46616,2.77207
1775137078918,2,1.77514e+09,7,0,0,0,0,0,0,4140000,6.81485,4,6.47537,2.77975
1775137078918,2,1.77514e+09,7,0,0,0,0,0,0,4140000,6.69235,4,6.48359,2.78586
1775137078918,2,1.77514e+09,7,0,0,0,0,0,0,4140000,6.74282,4,6.49887,2.78753
1775137078918,2,1.77514e+09,7,0,0,0,0,0,0,4140000,6.82052,4,6.51109,2.7896
1775137078918,2,1.77514e+09,7,0,0,0,0,0,0,4140000,6.58658,4,6.52596,2.79052
1775137078918,2,1.77514e+09,7,0,0,0,0,0,0,4140000,6.76922,4,6.53843,2.79328
1775137078918,2,1.77514e+09,7,0,0,0,0,0,0,4140000,6.75794,4,6.55055,2.79733
1775137078918,2,1.77514e+09,7,0,0,0,0,0,0,4140000,6.64161,4,6.56106,2.80212
1775137078918,2,1.77514e+09,7,0,0,0,0,0,0,4140000,6.6621,4,6.57626,2.80318
1775137078918,2,1.77514e+09,7,0,0,0,0,0,0,4140000,6.73878,4,6.58952,2.80469
1775137078918,2,1.77514e+09,7,0,0,0,0,0,0,4140000,6.71588,4,6.59922,2.81158
1775137078918,2,1.77514e+09,7,0,0,0,0,0,0,4140000,6.74387,4,6.61067,2.81476
1775137078918,2,1.77514e+09,7,0,0,0,0,0,0,4140000,6.80098,4,6.6244,2.81763
1775137078918,2,1.77514e+09,7,0,0,0,0,0,0,4140000,6.63058,4,6.63577,2.82078
1775137078918,2,1.77514e+09,7,0,0,0,0,0,0,4140000,6.83801,4,6.65094,2.8224
1775137078918,2,1.77514e+09,7,0,0,0,0,0,0,4140000,6.57492,4,6.6625,2.82563
1775137078918,2,1.77514e+09,7,0,0,0,0,0,0,4140000,6.58303,4,6.67124,2.83254
1775137078918,2,1.77514e+09,7,0,0,0,0,0,0,4140000,6.55806,4,6.68278,2.83619
1775137078918,2,1.77514e+09,7,0,0,0,0,0,0,4140000,6.8137,4,6.69393,2.84125
1775137078918,2,1.77514e+09,7,0,0,0,0,0,0,4140000,6.6983,4,6.70558,2.84509
1775137078918,2,1.77514e+09,7,0,0,0,0,0,0,4140000,6.85856,4,6.71697,2.85084
1775137078918,2,1.77514e+09,7,0,0,0,0,0,0,4140000,6.59667,4,6.7265,2.85564
1775137078918,2,1.77514e+09,7,0,0,0,0,0,0,4140000,6.67979,4,6.74051,2.85763
1775137078918,2,1.77514e+09,7,0,0,0,0,0,0,4140000,6.69831,4,6.75271,2.8607
1775137078918,2,1.77514e+09,7,0,0,0,0,0,0,4140000,6.67748,4,6.76582,2.86374
1775137078918,2,1.77514e+09,7,0,0,0,0,0,0,4140000,6.5399,4,6.77646,2.86801
1775137078918,2,1.77514e+09,7,0,0,0,0,0,0,4140000,6.75044,4,6.79117,2.86986
1775137078918,2,1.77514e+09,7,0,0,5027261,0,0,1,4140000,6.73131,4,6.87012,2.90326
1775137078918,2,1.77514e+09,7,0,0,5027261,0,0,1,4140000,7.97304,4,6.89055,2.91303
1775137078918,2,1.77514e+09,7,0,0,5027261,0,0,1,4140000,6.62157,4,6.90017,2.9183
1775137078918,2,1.77514e+09,8,0,0,783242871,0,0,1,4140000,28.9699,4,6.91349,2.9266
1775137078918,3,1.77514e+09,8,0,0,811565982,0,0,1,517500,1.10143,4,6.98071,2.97019
1775137078918,3,1.77514e+09,8,0,0,811565982,0,0,1,517500,0.941142,4,6.98714,2.97237
1775137078918,3,1.77514e+09,8,0,0,811565982,0,0,1,517500,0.900521,4,6.98846,2.97251
1775137078918,3,1.77514e+09,8,0,0,811565982,0,0,1,517500,0.957482,4,6.98939,2.97348
1775137078918,3,1.77514e+09,8,0,0,811565982,0,0,1,517500,0.875436,4,7.02161,2.98514
1775137078918,3,1.77514e+09,8,0,0,811565982,0,0,1,517500,0.918463,4,7.0366,2.99055
1775137078918,3,1.77514e+09,7,0,0,0,0,0,0,517500,0.893163,4,7.03844,2.99852
1775137078918,3,1.77514e+09,7,0,0,0,0,0,0,517500,0.937837,4,7.03977,2.99866
1775137078918,3,1.77514e+09,7,0,0,0,0,0,0,517500,1.18274,4,7.0421,2.99866
1775137078918,3,1.77514e+09,7,0,0,0,0,0,0,517500,0.870816,4,7.04686,3.0063
1775137078918,3,1.77514e+09,7,0,0,0,0,0,0,517500,0.908669,4,7.04834,3.0063
1775137078918,3,1.77514e+09,7,0,0,0,0,0,0,517500,0.918619,4,7.04984,3.0063
1775137078918,3,1.77514e+09,7,0,0,0,0,0,0,517500,0.932612,4,7.05132,3.0063
1775137078918,3,1.77514e+09,7,0,0,0,0,0,0,517500,0.925269,4,7.05214,3.00698
1775137078918,3,1.77514e+09,7,0,0,0,0,0,0,517500,0.918137,4,7.05345,3.00712
1775137078918,3,1.77514e+09,7,0,0,0,0,0,0,517500,0.893351,4,7.05409,3.00796
1775137078918,3,1.77514e+09,7,0,0,0,0,0,0,517500,1.17702,4,7.05487,3.00887
1775137078918,3,1.77514e+09,7,0,0,0,0,0,0,517500,0.905798,4,7.05618,3.009
1775137078918,3,1.77514e+09,7,0,0,0,0,0,0,517500,1.05616,4,7.05699,3.00992
1775137078918,3,1.77514e+09,7,0,0,0,0,0,0,517500,0.896468,4,7.05848,3.00992
1775137078918,3,1.77514e+09,7,0,0,0,0,0,0,517500,0.915141,4,7.05991,3.00992
1775137078918,3,1.77514e+09,7,0,0,0,0,0,0,517500,0.917981,4,7.06142,3.00992
1775137078918,3,1.77514e+09,7,0,0,0,0,0,0,517500,0.943413,4,7.06288,3.00992
1775137078918,3,1.77514e+09,7,0,0,0,0,0,0,517500,0.908101,4,7.06433,3.00992
1775137078918,3,1.77514e+09,7,0,0,0,0,0,0,517500,1.21317,4,7.0654,3.01066
1775137078918,3,1.77514e+09,7,0,0,0,0,0,0,517500,0.922598,4,7.07509,3.01294
1775137078918,3,1.77514e+09,7,0,0,0,0,0,0,517500,0.93246,4,7.0766,3.01294
1775137078918,3,1.77514e+09,7,0,0,0,0,0,0,517500,0.918853,4,7.07806,3.01294
1775137078918,3,1.77514e+09,7,0,0,0,0,0,0,517500,0.906262,4,7.07953,3.01294
1775137078918,3,1.77514e+09,7,0,0,0,0,0,0,517500,0.93242,4,7.081,3.01294
1775137078918,3,1.77514e+09,7,0,0,0,0,0,0,517500,0.905991,4,7.08166,3.01375
1775137078918,3,1.77514e+09,7,0,0,0,0,0,0,517500,0.943316,4,7.083,3.01389
1775137078918,3,1.77514e+09,7,0,0,0,0,0,0,517500,1.18126,4,7.08451,3.01411
1775137078918,3,1.77514e+09,7,0,0,0,0,0,0,517500,0.907581,4,7.08516,3.01496
1775137078918,3,1.77514e+09,7,0,0,0,0,0,0,517500,0.952719,4,7.08651,3.01511
1775137078918,3,1.77514e+09,7,0,0,0,0,0,0,517500,1.03672,4,7.08723,3.01599
1775137078918,3,1.77514e+09,7,0,0,0,0,0,0,517500,0.926648,4,7.08874,3.01599
1775137078918,3,1.77514e+09,7,0,0,0,0,0,0,517500,0.916175,4,7.09018,3.01599
1775137078918,3,1.77514e+09,7,0,0,0,0,0,0,517500,0.931825,4,7.09166,3.01599
1775137078918,3,1.77514e+09,7,0,0,0,0,0,0,517500,0.948355,4,7.09315,3.01599
1775137078918,3,1.77514e+09,7,0,0,0,0,0,0,517500,1.16732,4,7.09535,3.01599
1775137078918,3,1.77514e+09,7,0,0,0,0,0,0,517500,0.883659,4,7.10242,3.02106
1775137078918,3,1.77514e+09,7,0,0,0,0,0,0,517500,0.924656,4,7.10374,3.0212
1775137078918,3,1.77514e+09,7,0,0,0,0,0,0,517500,0.905519,4,7.10526,3.0212
1775137078918,3,1.77514e+09,7,0,0,0,0,0,0,517500,0.9154,4,7.1067,3.0212
1775137078918,3,1.77514e+09,7,0,0,0,0,0,0,517500,0.907337,4,7.10734,3.02203
1775137078918,3,1.77514e+09,7,0,0,0,0,0,0,517500,0.908346,4,7.10865,3.02216
1775137078918,3,1.77514e+09,7,0,0,0,0,0,0,517500,0.894972,4,7.10925,3.02299
1775137078918,3,1.77514e+09,7,0,0,0,0,0,0,517500,1.16907,4,7.11073,3.02319
1775137078918,3,1.77514e+09,7,0,0,0,0,0,0,517500,0.951187,4,7.11139,3.02405
1775137078918,3,1.77514e+09,7,0,0,0,0,0,0,517500,0.913378,4,7.11288,3.02405
1775137078918,3,1.77514e+09,7,0,0,0,0,0,0,517500,0.974367,4,7.11444,3.02406
1775137078918,3,1.77514e+09,7,0,0,0,0,0,0,517500,0.898007,4,7.11507,3.02491
1775137078918,3,1.77514e+09,7,0,0,0,0,0,0,517500,0.897031,4,7.11636,3.02503
1775137078918,3,1.77514e+09,7,0,0,0,0,0,0,517500,0.900716,4,7.11698,3.02587
1775137078918,3,1.77514e+09,7,0,0,0,0,0,0,517500,0.938099,4,7.1183,3.02601
1775137078918,3,1.77514e+09,7,0,0,0,0,0,0,517500,1.22909,4,7.12043,3.02601
1775137078918,3,1.77514e+09,7,0,0,0,0,0,0,517500,0.90528,4,7.12246,3.03569
1775137078918,3,1.77514e+09,7,0,0,0,0,0,0,517500,0.916489,4,7.12378,3.03582
1775137078918,3,1.77514e+09,7,0,0,0,0,0,0,517500,0.938535,4,7.12443,3.03668
1775137078918,3,1.77514e+09,7,0,0,0,0,0,0,517500,0.951836,4,7.12577,3.03682
1775137078918,3,1.77514e+09,7,0,0,0,0,0,0,517500,0.927763,4,7.12711,3.03696
1775137078918,3,1.77514e+09,7,0,0,0,0,0,0,517500,0.941856,4,7.12864,3.03696
1775137078918,3,1.77514e+09,7,0,0,0,0,0,0,517500,0.937999,4,7.13011,3.03696
1775137078918,3,1.77514e+09,7,0,0,0,0,0,0,517500,1.21454,4,7.13189,3.03696
1775137078918,3,1.77514e+09,7,0,0,0,0,0,0,517500,0.901168,4,7.13336,3.03696
1775137078918,3,1.77514e+09,7,0,0,0,0,0,0,517500,0.928516,4,7.13483,3.03696
1775137078918,3,1.77514e+09,7,0,0,0,0,0,0,517500,0.92427,4,7.13636,3.03696
1775137078918,3,1.77514e+09,7,0,0,0,0,0,0,517500,0.952276,4,7.13784,3.03696
1775137078918,3,1.77514e+09,7,0,0,0,0,0,0,517500,0.960317,4,7.1386,3.03772
1775137078918,3,1.77514e+09,7,0,0,0,0,0,0,517500,1.08987,4,7.14028,3.03772
1775137078918,3,1.77514e+09,7,0,0,0,0,0,0,517500,0.951274,4,7.14172,3.03777
1775137078918,3,1.77514e+09,7,0,0,0,0,0,0,517500,1.22164,4,7.14402,3.03777
1775137078918,3,1.77514e+09,7,0,0,0,0,0,0,517500,0.925413,4,7.14957,3.04387
1775137078918,3,1.77514e+09,7,0,0,0,0,0,0,517500,0.961474,4,7.15093,3.04402
1775137078918,3,1.77514e+09,7,0,0,0,0,0,0,517500,0.953046,4,7.15159,3.04488
1775137078918,3,1.77514e+09,7,0,0,0,0,0,0,517500,0.974426,4,7.15296,3.04503
1775137078918,3,1.77514e+09,7,0,0,0,0,0,0,517500,0.936178,4,7.1543,3.04517
1775137078918,3,1.77514e+09,7,0,0,0,0,0,0,517500,0.931651,4,7.15585,3.04517
1775137078918,3,1.77514e+09,7,0,0,0,0,0,0,517500,1.04506,4,7.15748,3.04524
1775137078918,3,1.77514e+09,7,0,0,0,0,0,0,517500,1.14872,4,7.15896,3.04545
1775137078918,3,1.77514e+09,7,0,0,0,0,0,0,517500,0.932261,4,7.15964,3.04631
1775137078918,3,1.77514e+09,7,0,0,0,0,0,0,517500,0.933243,4,7.16099,3.04646
1775137078918,3,1.77514e+09,7,0,0,0,0,0,0,517500,0.948007,4,7.16233,3.0466
1775137078918,3,1.77514e+09,7,0,0,0,0,0,0,517500,0.884303,4,7.16364,3.04673
1775137078918,3,1.77514e+09,7,0,0,0,0,0,0,517500,0.929693,4,7.16497,3.04687
1775137078918,3,1.77514e+09,7,0,0,0,0,0,0,517500,0.915429,4,7.16646,3.04687
1775137078918,3,1.77514e+09,7,0,0,0,0,0,0,517500,0.920798,4,7.16792,3.04687
1775137078918,3,1.77514e+09,7,0,0,0,0,0,0,517500,1.12149,4,7.16944,3.04764
1775137078918,3,1.77514e+09,7,0,0,0,0,0,0,517500,0.929051,4,7.17152,3.05714
1775137078918,3,1.77514e+09,7,0,0,0,0,0,0,517500,0.954329,4,7.17287,3.05729
1775137078918,3,1.77514e+09,7,0,0,0,0,0,0,517500,1.03607,4,7.17448,3.05729
1775137078918,3,1.77514e+09,7,0,0,0,0,0,0,517500,0.925401,4,7.17593,3.05731
1775137078918,3,1.77514e+09,7,0,0,0,0,0,0,517500,0.955479,4,7.17659,3.05816
1775137078918,3,1.77514e+09,7,0,0,0,0,0,0,517500,0.907079,4,7.1779,3.05829
1775137078918,3,1.77514e+09,7,0,0,0,0,0,0,517500,0.946912,4,7.17825,3.05945
1775137078918,3,1.77514e+09,7,0,0,0,0,0,0,517500,1.1598,4,7.17906,3.06037
1775137078918,3,1.77514e+09,7,0,0,0,0,0,0,517500,0.923016,4,7.18039,3.06051
1775137078918,3,1.77514e+09,7,0,0,0,0,0,0,517500,0.922285,4,7.18192,3.06051
1775137078918,3,1.77514e+09,7,0,0,0,0,0,0,517500,0.906607,4,7.18338,3.06051
1775137078918,3,1.77514e+09,7,0,0,0,0,0,0,517500,0.911504,4,7.18485,3.06051
1775137078918,3,1.77514e+09,7,0,0,0,0,0,0,517500,0.895228,4,7.1863,3.06051
1775137078918,3,1.77514e+09,7,0,0,0,0,0,0,517500,0.911927,4,7.18773,3.06051
1775137078918,3,1.77514e+09,7,0,0,0,0,0,0,517500,0.929118,4,7.18922,3.06051
1775137078918,3,1.77514e+09,7,0,0,0,0,0,0,517500,1.174,4,7.19046,3.0611
1775137078918,3,1.77514e+09,7,0,0,0,0,0,0,517500,0.904334,4,7.1995,3.06411
1775137078918,3,1.77514e+09,7,0,0,0,0,0,0,517500,0.875487,4,7.20082,3.06424
1775137078918,3,1.77514e+09,7,0,0,0,0,0,0,517500,0.934633,4,7.20215,3.06438
1775137078918,3,1.77514e+09,7,0,0,0,0,0,0,517500,0.88854,4,7.20363,3.06438
1775137078918,3,1.77514e+09,7,0,0,0,0,0,0,517500,0.928717,4,7.20514,3.06438
1775137078918,3,1.77514e+09,7,0,0,0,0,0,0,517500,0.884195,4,7.20662,3.06438
1775137078918,3,1.77514e+09,7,0,0,0,0,0,0,517500,0.944989,4,7.2081,3.06438
1775137078918,3,1.77514e+09,7,0,0,0,0,0,0,517500,1.12858,4,7.2098,3.06438
1775137078918,3,1.77514e+09,7,0,0,0,0,0,0,517500,0.869427,4,7.21124,3.06438
1775137078918,3,1.77514e+09,7,0,0,0,0,0,0,517500,0.913628,4,7.21268,3.06438
1775137078918,3,1.77514e+09,7,0,0,0,0,0,0,517500,0.924792,4,7.21416,3.06438
1775137078918,3,1.77514e+09,7,0,0,0,0,0,0,517500,0.927355,4,7.21563,3.06438
1775137078918,3,1.77514e+09,7,0,0,0,0,0,0,517500,0.89439,4,7.21645,3.06506
1775137078918,3,1.77514e+09,7,0,0,0,0,0,0,517500,0.928075,4,7.21776,3.06519
1775137078918,3,1.77514e+09,7,0,0,0,0,0,0,517500,0.934522,4,7.21842,3.06605
1775137078918,3,1.77514e+09,7,0,0,0,0,0,0,517500,1.3534,4,7.22043,3.06705
1775137078918,3,1.77514e+09,7,0,0,0,0,0,0,517500,0.894213,4,7.23064,3.07214
1775137078918,3,1.77514e+09,7,0,0,0,0,0,0,517500,0.945009,4,7.23199,3.07229
1775137078918,3,1.77514e+09,7,0,0,0,0,0,0,517500,0.901085,4,7.23263,3.07314
1775137078918,3,1.77514e+09,7,0,0,0,0,0,0,517500,0.918243,4,7.23395,3.07327
1775137078918,3,1.77514e+09,7,0,0,0,0,0,0,517500,1.24306,4,7.2349,3.07426
1775137078918,3,1.77514e+09,7,0,0,0,0,0,0,517500,0.94183,4,7.23559,3.07513
1775137078918,3,1.77514e+09,7,0,0,0,0,0,0,517500,0.90116,4,7.23695,3.07527
1775137078918,3,1.77514e+09,7,0,0,0,0,0,0,517500,1.1455,4,7.23866,3.07527
1775137078918,3,1.77514e+09,7,0,0,0,0,0,0,517500,0.9183,4,7.2394,3.07604
1775137078918,3,1.77514e+09,7,0,0,0,0,0,0,517500,0.93328,4,7.24073,3.07618
1775137078918,3,1.77514e+09,7,0,0,0,0,0,0,517500,0.94085,4,7.24207,3.07632
1775137078918,3,1.77514e+09,7,0,0,0,0,0,0,517500,0.983462,4,7.24363,3.07632
1775137078918,3,1.77514e+09,7,0,0,0,0,0,0,517500,0.903307,4,7.24507,3.07632
1775137078918,3,1.77514e+09,7,0,0,0,0,0,0,517500,0.924515,4,7.24573,3.07717
1775137078918,3,1.77514e+09,7,0,0,0,0,0,0,517500,0.940243,4,7.24706,3.07731
1775137078918,3,1.77514e+09,7,0,0,0,0,0,0,517500,1.13421,4,7.24911,3.07731
1775137078918,3,1.77514e+09,7,0,0,0,0,0,0,517500,0.915534,4,7.25197,3.08631
1775137078918,3,1.77514e+09,7,0,0,0,0,0,0,517500,0.917709,4,7.2533,3.08645
1775137078918,3,1.77514e+09,7,0,0,0,0,0,0,517500,0.950811,4,7.25396,3.0873
1775137078918,3,1.77514e+09,7,0,0,0,0,0,0,517500,0.916126,4,7.25527,3.08744
1775137078918,3,1.77514e+09,7,0,0,0,0,0,0,517500,0.886017,4,7.25587,3.08826
1775137078918,3,1.77514e+09,7,0,0,0,0,0,0,517500,0.918544,4,7.25718,3.0884
1775137078918,3,1.77514e+09,7,0,0,0,0,0,0,517500,0.947301,4,7.25851,3.08854
1775137078918,3,1.77514e+09,7,0,0,0,0,0,0,517500,1.15627,4,7.2593,3.08945
1775137078918,3,1.77514e+09,7,0,0,0,0,0,0,517500,0.92977,4,7.26062,3.08958
1775137078918,3,1.77514e+09,7,0,0,0,0,0,0,517500,0.945951,4,7.26213,3.08958
1775137078918,3,1.77514e+09,7,0,0,0,0,0,0,517500,0.930346,4,7.26367,3.08958
1775137078918,3,1.77514e+09,7,0,0,0,0,0,0,517500,0.977714,4,7.26518,3.08958
1775137078918,3,1.77514e+09,7,0,0,0,0,0,0,517500,0.917323,4,7.26597,3.0903
1775137078918,3,1.77514e+09,7,0,0,0,0,0,0,517500,0.931251,4,7.26735,3.09046
1775137078918,3,1.77514e+09,7,0,0,0,0,0,0,517500,0.945881,4,7.26896,3.09046
1775137078918,3,1.77514e+09,7,0,0,0,0,0,0,517500,1.19017,4,7.27069,3.09117
1775137078918,3,1.77514e+09,7,0,0,24506283,0,0,1,517500,1.07722,4,7.33559,3.12014
1775137078918,3,1.77514e+09,7,0,0,24506283,0,0,1,517500,0.920368,4,7.35314,3.13139
1775137078918,3,1.77514e+09,7,0,0,24506283,0,0,1,517500,0.936016,4,7.35382,3.13326
1775137078918,3,1.77514e+09,7,0,0,24506283,0,0,1,517500,0.907755,4,7.35527,3.13345
1775137078918,3,1.77514e+09,7,0,0,24506283,0,0,1,517500,0.933969,4,7.41243,3.16513
1775137078918,3,1.77514e+09,7,0,0,24506283,0,0,1,517500,0.910966,4,7.43012,3.173
1775137078918,3,1.77514e+09,7,0,0,24506283,0,0,1,517500,0.930799,4,7.43146,3.17314
1775137078918,3,1.77514e+09,7,0,0,24506283,0,0,1,517500,1.14395,4,7.43292,3.17391
1775137078918,3,1.77514e+09,7,0,0,24506283,0,0,1,517500,0.88894,4,7.4851,3.19355
1775137078918,3,1.77514e+09,7,0,0,24506283,0,0,1,517500,0.95955,4,7.51481,3.20786
1775137078918,3,1.77514e+09,7,0,0,24506283,0,0,1,517500,0.905229,4,7.51544,3.20871
1775137078918,3,1.77514e+09,7,0,0,24506283,0,0,1,517500,0.920279,4,7.51707,3.20897
1775137078918,3,1.77514e+09,7,0,0,24506283,0,0,1,517500,0.910327,4,7.55919,3.23162
1775137078918,3,1.77514e+09,7,0,0,24506283,0,0,1,517500,0.966776,4,7.59368,3.24884
1775137078918,3,1.77514e+09,7,0,0,24506283,0,0,1,517500,0.936244,4,7.594,3.24998
1775137078918,3,1.77514e+09,7,0,0,24506283,0,0,1,517500,1.17921,4,7.59608,3.25101
1775137078918,3,1.77514e+09,7,0,0,24506283,0,0,1,517500,0.951479,4,7.60471,3.25227
1775137078918,3,1.77514e+09,8,0,0,817059945,0,0,1,517500,1.06725,4,7.67108,3.29005
1775137078918,3,1.77514e+09,8,0,0,817059945,0,0,1,517500,0.943611,4,7.67398,3.29703
1775137078918,3,1.77514e+09,8,0,0,817059945,0,0,1,517500,0.937887,4,7.67532,3.29717
1775137078918,3,1.77514e+09,8,0,0,817059945,0,0,1,517500,0.914776,4,7.67694,3.29744
1775137078918,3,1.77514e+09,8,0,0,817059945,0,0,1,517500,1.11943,4,7.74463,3.32027
1775137078918,3,1.77514e+09,8,0,0,817059945,0,0,1,517500,0.942759,4,7.76193,3.32841
1775137078918,3,1.77514e+09,8,0,0,817059945,0,0,1,517500,1.20193,4,7.76345,3.32863
1775137078918,3,1.77514e+09,8,0,0,817059945,0,0,1,517500,0.91406,4,7.76472,3.32932
1775137078918,3,1.77514e+09,8,0,0,817059945,0,0,1,517500,1.15626,4,7.81528,3.35816
1775137078918,3,1.77514e+09,8,0,0,817059945,0,0,1,517500,0.911172,4,7.83722,3.37014
1775137078918,3,1.77514e+09,8,0,0,817059945,0,0,1,517500,0.936622,4,7.83854,3.37028
1775137078918,3,1.77514e+09,8,0,0,817059945,0,0,1,517500,0.931395,4,7.84048,3.37028
1775137078918,3,1.77514e+09,8,0,0,817059945,0,0,1,517500,1.13862,4,7.88602,3.39307
1775137078918,3,1.77514e+09,8,0,0,817059945,0,0,1,517500,1.00292,4,7.92282,3.40841
1775137078918,3,1.77514e+09,8,0,0,817059945,0,0,1,517500,1.16699,4,7.92506,3.40841
1775137078918,3,1.77514e+09,8,0,0,817059945,0,0,1,517500,0.895544,4,7.92845,3.41584
1775137078918,3,1.77514e+09,8,0,0,817059945,0,0,1,517500,1.05301,4,7.9305,3.41687
1775137078918,3,1.77514e+09,8,0,0,846252818,0,0,1,517500,1.17085,4,7.9946,3.45753
1775137078918,3,1.77514e+09,8,0,0,846252818,0,0,1,517500,0.903631,4,8.00075,3.4626
1775137078918,3,1.77514e+09,8,0,0,846252818,0,0,1,517500,0.936524,4,8.00208,3.46275
1775137078918,3,1.77514e+09,8,0,0,846252818,0,0,1,517500,0.930046,4,8.00303,3.46373
1775137078918,3,1.77514e+09,7,0,0,0,0,0,0,517500,0.930991,4,8.01574,3.4917
1775137078918,3,1.77514e+09,7,0,0,0,0,0,0,517500,1.19432,4,8.01629,3.49294
1775137078918,3,1.77514e+09,7,0,0,0,0,0,0,517500,0.951968,4,8.01764,3.49309
1775137078918,3,1.77514e+09,7,0,0,0,0,0,0,517500,0.903955,4,8.01912,3.49309
1775137078918,3,1.77514e+09,7,0,0,0,0,0,0,517500,0.917772,4,8.02056,3.49309
1775137078918,3,1.77514e+09,7,0,0,0,0,0,0,517500,0.909111,4,8.02203,3.49309
1775137078918,3,1.77514e+09,7,0,0,0,0,0,0,517500,0.931275,4,8.02349,3.49309
1775137078918,3,1.77514e+09,7,0,0,0,0,0,0,517500,0.96068,4,8.02422,3.4939
1775137078918,3,1.77514e+09,7,0,0,0,0,0,0,517500,0.906058,4,8.02553,3.49403
1775137078918,3,1.77514e+09,7,0,0,0,0,0,0,517500,1.14609,4,8.0275,3.49403
1775137078918,3,1.77514e+09,7,0,0,0,0,0,0,517500,0.956419,4,8.02895,3.50426
1775137078918,3,1.77514e+09,7,0,0,0,0,0,0,517500,0.924952,4,8.03028,3.5044
1775137078918,3,1.77514e+09,7,0,0,0,0,0,0,517500,0.921173,4,8.03061,3.50554
1775137078918,3,1.77514e+09,7,0,0,0,0,0,0,517500,0.898435,4,8.03214,3.50554
1775137078918,3,1.77514e+09,7,0,0,0,0,0,0,517500,0.917174,4,8.03358,3.50554
1775137078918,3,1.77514e+09,7,0,0,0,0,0,0,517500,0.912755,4,8.03507,3.50554
1775137078918,3,1.77514e+09,7,0,0,0,0,0,0,517500,0.918482,4,8.03653,3.50554
1775137078918,3,1.77514e+09,7,0,0,0,0,0,0,517500,1.17082,4,8.03828,3.50554
1775137078918,3,1.77514e+09,7,0,0,0,0,0,0,517500,0.904363,4,8.03979,3.50554
1775137078918,3,1.77514e+09,7,0,0,0,0,0,0,517500,0.91367,4,8.04126,3.50554
1775137078918,3,1.77514e+09,7,0,0,0,0,0,0,517500,0.894804,4,8.04202,3.50627
1775137078918,3,1.77514e+09,7,0,0,0,0,0,0,517500,0.936903,4,8.04337,3.50642
1775137078918,3,1.77514e+09,7,0,0,0,0,0,0,517500,0.926299,4,8.04402,3.50727
1775137078918,3,1.77514e+09,7,0,0,0,0,0,0,517500,0.895105,4,8.04537,3.50742
1775137078918,3,1.77514e+09,7,0,0,0,0,0,0,517500,0.972116,4,8.04603,3.50827
1775137078918,3,1.77514e+09,7,0,0,0,0,0,0,517500,1.28139,4,8.04848,3.50827
1775137078918,3,1.77514e+09,7,0,0,0,0,0,0,517500,0.931543,4,8.05642,3.51257
1775137078918,3,1.77514e+09,7,0,0,0,0,0,0,517500,0.916098,4,8.05775,3.51271
1775137078918,3,1.77514e+09,7,0,0,0,0,0,0,517500,0.918714,4,8.05841,3.51357
1775137078918,3,1.77514e+09,7,0,0,0,0,0,0,517500,0.943786,4,8.05975,3.51371
1775137078918,3,1.77514e+09,7,0,0,0,0,0,0,517500,0.921173,4,8.06107,3.51385
1775137078918,3,1.77514e+09,7,0,0,0,0,0,0,517500,0.878966,4,8.06238,3.51399
1775137078918,3,1.77514e+09,7,0,0,0,0,0,0,517500,0.909053,4,8.0637,3.51412
1775137078918,3,1.77514e+09,7,0,0,0,0,0,0,517500,1.11679,4,8.06449,3.51503
1775137078918,3,1.77514e+09,7,0,0,0,0,0,0,517500,0.924781,4,8.06581,3.51517
1775137078918,3,1.77514e+09,7,0,0,0,0,0,0,517500,0.926437,4,8.06646,3.51602
1775137078918,3,1.77514e+09,7,0,0,0,0,0,0,517500,0.926014,4,8.06777,3.51615
1775137078918,3,1.77514e+09,7,0,0,0,0,0,0,517500,0.911751,4,8.06808,3.51729
1775137078918,3,1.77514e+09,7,0,0,0,0,0,0,517500,0.889757,4,8.06941,3.51743
1775137078918,3,1.77514e+09,7,0,0,0,0,0,0,517500,0.915298,4,8.07004,3.51828
1775137078918,3,1.77514e+09,7,0,0,0,0,0,0,517500,0.911259,4,8.07152,3.51828
1775137078918,3,1.77514e+09,7,0,0,0,0,0,0,517500,1.17868,4,8.07257,3.51907
1775137078918,3,1.77514e+09,7,0,0,0,0,0,0,517500,0.923608,4,8.07869,3.52457
1775137078918,3,1.77514e+09,7,0,0,0,0,0,0,517500,0.889991,4,8.08002,3.52471
1775137078918,3,1.77514e+09,7,0,0,0,0,0,0,517500,0.922015,4,8.08148,3.52471
1775137078918,3,1.77514e+09,7,0,0,0,0,0,0,517500,0.901404,4,8.08295,3.52471
1775137078918,3,1.77514e+09,7,0,0,0,0,0,0,517500,0.930693,4,8.0844,3.52471
1775137078918,3,1.77514e+09,7,0,0,0,0,0,0,517500,0.911493,4,8.0859,3.52471
1775137078918,3,1.77514e+09,7,0,0,0,0,0,0,517500,0.925775,4,8.08737,3.52471
1775137078918,3,1.77514e+09,7,0,0,0,0,0,0,517500,1.13921,4,8.08906,3.52471
1775137078918,3,1.77514e+09,7,0,0,0,0,0,0,517500,0.922558,4,8.09059,3.52471
1775137078918,3,1.77514e+09,7,0,0,0,0,0,0,517500,0.908376,4,8.09205,3.52471
1775137078918,3,1.77514e+09,7,0,0,0,0,0,0,517500,0.95409,4,8.09309,3.52528
1775137078918,3,1.77514e+09,7,0,0,0,0,0,0,517500,0.961708,4,8.09445,3.52544
1775137078918,3,1.77514e+09,7,0,0,0,0,0,0,517500,0.910862,4,8.09508,3.52628
1775137078918,3,1.77514e+09,7,0,0,0,0,0,0,517500,0.916068,4,8.09639,3.52642
1775137078918,3,1.77514e+09,7,0,0,0,0,0,0,517500,0.935169,4,8.09773,3.52656
1775137078918,3,1.77514e+09,7,0,0,0,0,0,0,517500,1.14456,4,8.09936,3.5274
1775137078918,3,1.77514e+09,7,0,0,0,0,0,0,517500,0.932585,4,8.10868,3.52953
1775137078918,3,1.77514e+09,7,0,0,0,0,0,0,517500,0.9055,4,8.10931,3.53037
1775137078918,3,1.77514e+09,7,0,0,0,0,0,0,517500,0.926035,4,8.11063,3.53051
1775137078918,3,1.77514e+09,7,0,0,0,0,0,0,517500,0.928704,4,8.11196,3.53065
1775137078918,3,1.77514e+09,7,0,0,0,0,0,0,517500,0.892876,4,8.11261,3.5315
1775137078918,3,1.77514e+09,7,0,0,0,0,0,0,517500,0.944163,4,8.11393,3.53164
1775137078918,3,1.77514e+09,7,0,0,0,0,0,0,517500,0.913359,4,8.11541,3.53164
1775137078918,3,1.77514e+09,7,0,0,0,0,0,0,517500,1.16719,4,8.11706,3.53169
1775137078918,3,1.77514e+09,7,0,0,0,0,0,0,517500,0.914844,4,8.11838,3.53183
1775137078918,3,1.77514e+09,7,0,0,0,0,0,0,517500,0.893062,4,8.11971,3.53197
1775137078918,3,1.77514e+09,7,0,0,0,0,0,0,517500,0.921684,4,8.12036,3.53282
1775137078918,3,1.77514e+09,7,0,0,0,0,0,0,517500,0.935802,4,8.12186,3.53282
1775137078918,3,1.77514e+09,7,0,0,0,0,0,0,517500,0.946051,4,8.12336,3.53282
1775137078918,3,1.77514e+09,7,0,0,0,0,0,0,517500,0.905813,4,8.12401,3.53366
1775137078918,3,1.77514e+09,7,0,0,0,0,0,0,517500,0.956108,4,8.12536,3.53381
1775137078918,3,1.77514e+09,7,0,0,0,0,0,0,517500,1.3232,4,8.12749,3.53387
1775137078918,3,1.77514e+09,7,0,0,0,0,0,0,517500,1.07132,4,8.13399,3.5411
1775137078918,3,1.77514e+09,7,0,0,0,0,0,0,517500,0.920225,4,8.13466,3.54196
1775137078918,3,1.77514e+09,7,0,0,0,0,0,0,517500,0.906149,4,8.136,3.54211
1775137078918,3,1.77514e+09,7,0,0,0,0,0,0,517500,0.93379,4,8.13734,3.54225
1775137078918,3,1.77514e+09,7,0,0,0,0,0,0,517500,0.897259,4,8.13881,3.54225
1775137078918,3,1.77514e+09,7,0,0,0,0,0,0,517500,0.908359,4,8.14026,3.54225
1775137078918,3,1.77514e+09,7,0,0,0,0,0,0,517500,0.980116,4,8.14181,3.54225
1775137078918,3,1.77514e+09,7,0,0,0,0,0,0,517500,1.19134,4,8.14357,3.54225
1775137078918,3,1.77514e+09,7,0,0,0,0,0,0,517500,0.925107,4,8.14504,3.54225
1775137078918,3,1.77514e+09,7,0,0,0,0,0,0,517500,0.918772,4,8.14653,3.54225
1775137078918,3,1.77514e+09,7,0,0,0,0,0,0,517500,0.961449,4,8.14804,3.54225
1775137078918,3,1.77514e+09,7,0,0,0,0,0,0,517500,0.920055,4,8.1488,3.543
1775137078918,3,1.77514e+09,7,0,0,0,0,0,0,517500,0.915656,4,8.15012,3.54314
1775137078918,3,1.77514e+09,7,0,0,0,0,0,0,517500,0.928167,4,8.15147,3.54329
1775137078918,3,1.77514e+09,7,0,0,0,0,0,0,517500,0.925659,4,8.15299,3.54329
1775137078918,3,1.77514e+09,7,0,0,0,0,0,0,517500,1.15313,4,8.154,3.54408
1775137078918,3,1.77514e+09,7,0,0,0,0,0,0,517500,0.929896,4,8.16222,3.54774
1775137078918,3,1.77514e+09,7,0,0,0,0,0,0,517500,0.875503,4,8.16353,3.54788
1775137078918,3,1.77514e+09,7,0,0,0,0,0,0,517500,0.940654,4,8.16487,3.54802
1775137078918,3,1.77514e+09,7,0,0,0,0,0,0,517500,0.913454,4,8.16636,3.54802
1775137078918,3,1.77514e+09,7,0,0,0,0,0,0,517500,0.918638,4,8.1678,3.54802
1775137078918,3,1.77514e+09,7,0,0,0,0,0,0,517500,0.906834,4,8.16849,3.54885
1775137078918,3,1.77514e+09,7,0,0,0,0,0,0,517500,0.942868,4,8.16982,3.549
1775137078918,3,1.77514e+09,7,0,0,0,0,0,0,517500,1.18356,4,8.17159,3.549
1775137078918,3,1.77514e+09,7,0,0,0,0,0,0,517500,0.908013,4,8.17231,3.54977
1775137078918,3,1.77514e+09,7,0,0,0,0,0,0,517500,0.941221,4,8.17365,3.54992
1775137078918,3,1.77514e+09,7,0,0,0,0,0,0,517500,0.919427,4,8.17431,3.55077
1775137078918,3,1.77514e+09,7,0,0,0,0,0,0,517500,0.925447,4,8.17564,3.55091
1775137078918,3,1.77514e+09,7,0,0,0,0,0,0,517500,0.92933,4,8.17697,3.55105
1775137078918,3,1.77514e+09,7,0,0,0,0,0,0,517500,0.911517,4,8.17854,3.55105
1775137078918,3,1.77514e+09,7,0,0,0,0,0,0,517500,0.930401,4,8.18,3.55106
1775137078918,3,1.77514e+09,7,0,0,0,0,0,0,517500,1.18153,4,8.18219,3.55106
1775137078918,3,1.77514e+09,7,0,0,0,0,0,0,517500,0.937193,4,8.18473,3.55998
1775137078918,3,1.77514e+09,7,0,0,0,0,0,0,517500,0.965581,4,8.1861,3.56013
1775137078918,3,1.77514e+09,7,0,0,0,0,0,0,517500,0.912673,4,8.18675,3.56099
